Brand,Model,Reference Number,Type,Movement,Base Movement,Movement Type,Price (New),Price (Used),Year,Case Diameter (mm),Lug Width (mm),Case Thickness (mm),Water Resistance (m),Crystal,Weight (grams),Case Material,Bracelet/Strap Type,Bezel Material,Power Reserve (hours),Complications,Gender,Country of Manufacture
Rolex,Submariner No-Date,124060,Diver,Rolex 3230,In-house,Automatic,9100,9800,2024,41.0,21.0,12.5,300,Sapphire,155,Stainless Steel,Oyster Bracelet,Ceramic,70,None,Men,Switzerland
Rolex,Submariner Date,126610LN,Diver,Rolex 3235,In-house,Automatic,10250,12300,2024,41.0,21.0,12.5,300,Sapphire,157,Stainless Steel,Oyster Bracelet,Ceramic,70,Date,Men,Switzerland
Rolex,Submariner Date 'Hulk',126610LV,Diver,Rolex 3235,In-house,Automatic,10900,14500,2023,41.0,21.0,12.5,300,Sapphire,157,Stainless Steel,Oyster Bracelet,Ceramic,70,Date,Men,Switzerland
Rolex,Sea-Dweller,126600,Diver,Rolex 3235,In-house,Automatic,13550,12800,2024,43.0,22.0,15.0,1220,Sapphire,185,Stainless Steel,Oyster Bracelet,Ceramic,70,Date,Men,Switzerland
Rolex,Deepsea,136660,Diver,Rolex 3235,In-house,Automatic,14800,14000,2024,44.0,22.0,18.0,3900,Sapphire,215,Stainless Steel,Oyster Bracelet,Ceramic,70,Date,Men,Switzerland
Rolex,GMT-Master II 'Pepsi',126710BLRO,GMT,Rolex 3285,In-house,Automatic,10700,18500,2024,40.0,20.0,12.0,100,Sapphire,150,Stainless Steel,Jubilee Bracelet,Ceramic,70,GMT,Men,Switzerland
Rolex,GMT-Master II 'Batman',126710BLNR,GMT,Rolex 3285,In-house,Automatic,10700,17000,2024,40.0,20.0,12.0,100,Sapphire,150,Stainless Steel,Jubilee Bracelet,Ceramic,70,GMT,Men,Switzerland
Rolex,GMT-Master II 'Sprite',126720VTNR,GMT,Rolex 3285,In-house,Automatic,11050,17500,2023,40.0,20.0,12.0,100,Sapphire,150,Stainless Steel,Oyster Bracelet,Ceramic,70,GMT,Men,Switzerland
Rolex,Cosmograph Daytona,126500LN,Chronograph,Rolex 4131,In-house,Automatic,15900,32000,2024,40.0,20.0,11.9,100,Sapphire,140,Stainless Steel,Oyster Bracelet,Ceramic,72,Chronograph,Men,Switzerland
Rolex,Datejust 41,126334,Dress,Rolex 3235,In-house,Automatic,9000,8700,2024,41.0,21.0,11.9,100,Sapphire,150,Stainless Steel,Oyster Bracelet,White Gold Fluted,70,Date,Men,Switzerland
Rolex,Datejust 36,126200,Dress,Rolex 3235,In-house,Automatic,7700,7200,2024,36.0,20.0,11.6,100,Sapphire,125,Stainless Steel,Jubilee Bracelet,Steel,70,Date,Unisex,Switzerland
Rolex,Day-Date 40,228238,Luxury,Rolex 3255,In-house,Automatic,41800,38000,2024,40.0,21.0,11.8,100,Sapphire,195,Yellow Gold,President Bracelet,Yellow Gold Fluted,70,Day-Date,Men,Switzerland
Rolex,Oyster Perpetual 41,124300,Sport,Rolex 3230,In-house,Automatic,6400,7100,2024,41.0,21.0,11.8,100,Sapphire,150,Stainless Steel,Oyster Bracelet,Steel,70,None,Men,Switzerland
Rolex,Oyster Perpetual 36,126000,Sport,Rolex 3230,In-house,Automatic,5800,6500,2024,36.0,20.0,11.6,100,Sapphire,130,Stainless Steel,Oyster Bracelet,Steel,70,None,Unisex,Switzerland
Rolex,Explorer 36,124270,Field,Rolex 3230,In-house,Automatic,7250,7600,2024,36.0,19.0,11.6,100,Sapphire,125,Stainless Steel,Oyster Bracelet,Steel,70,None,Unisex,Switzerland
Rolex,Explorer II,226570,GMT,Rolex 3285,In-house,Automatic,9600,9200,2024,42.0,21.0,12.5,100,Sapphire,165,Stainless Steel,Oyster Bracelet,Steel,70,GMT,Men,Switzerland
Rolex,Sky-Dweller,336934,Luxury,Rolex 9002,In-house,Automatic,16600,17500,2024,42.0,21.0,14.0,100,Sapphire,175,Stainless Steel,Oyster Bracelet,White Gold Fluted,72,"Annual Calendar, GMT",Men,Switzerland
Rolex,Yacht-Master 42,226658,Sport,Rolex 3235,In-house,Automatic,30100,28500,2024,42.0,22.0,12.3,100,Sapphire,165,Yellow Gold,Oysterflex,Ceramic,70,Date,Men,Switzerland
Rolex,Air-King,126900,Pilot,Rolex 3230,In-house,Automatic,7400,7000,2024,40.0,20.0,11.6,100,Sapphire,150,Stainless Steel,Oyster Bracelet,Steel,70,None,Men,Switzerland
Rolex,1908,52508,Dress,Rolex 7140,In-house,Automatic,22550,19000,2024,39.0,19.0,9.5,50,Sapphire,95,White Gold,Leather,White Gold,66,Small Seconds,Men,Switzerland
Rolex,Land-Dweller 40,127334,Sport,Rolex 7135,In-house,Automatic,14800,15500,2025,40.0,21.0,9.7,100,Sapphire,160,Stainless Steel,Flat Jubilee,White Gold Fluted,66,Date,Men,Switzerland
Rolex,Lady-Datejust 28,279174,Dress,Rolex 2236,In-house,Automatic,8950,7800,2024,28.0,13.0,9.0,100,Sapphire,95,Stainless Steel,Oyster Bracelet,White Gold Fluted,55,Date,Women,Switzerland
Omega,Speedmaster Professional Moonwatch,310.30.42.50.01.001,Chronograph,Omega 3861,Lemania-based,Manual,7000,5200,2024,42.0,20.0,13.2,50,Hesalite,134,Stainless Steel,Bracelet,Aluminum,50,Chronograph,Men,Switzerland
Omega,Speedmaster Professional Moonwatch Sapphire,310.30.42.50.01.002,Chronograph,Omega 3861,Lemania-based,Manual,8100,6000,2024,42.0,20.0,13.2,50,Sapphire,148,Stainless Steel,Bracelet,Aluminum,50,Chronograph,Men,Switzerland
Omega,Seamaster Diver 300M,210.30.42.20.03.001,Diver,Omega 8800,In-house,Automatic,5600,4500,2024,42.0,20.0,13.6,300,Sapphire,185,Stainless Steel,Bracelet,Ceramic,55,Date,Men,Switzerland
Omega,Seamaster Diver 300M 'No Time to Die',210.92.42.20.01.001,Diver,Omega 8806,In-house,Automatic,9700,8000,2023,42.0,20.0,13.6,300,Sapphire,100,Titanium,NATO,Aluminum,55,None,Men,Switzerland
Omega,Seamaster Aqua Terra 150M,220.10.41.21.03.001,Sport,Omega 8900,In-house,Automatic,6200,4800,2024,41.0,20.0,13.0,150,Sapphire,165,Stainless Steel,Bracelet,Steel,60,Date,Men,Switzerland
Omega,Seamaster Planet Ocean 600M,215.30.44.21.01.001,Diver,Omega 8900,In-house,Automatic,7000,5500,2024,43.5,21.0,16.5,600,Sapphire,200,Stainless Steel,Bracelet,Ceramic,60,Date,Men,Switzerland
Omega,Seamaster Ploprof 1200M,227.30.55.21.01.001,Diver,Omega 8912,In-house,Automatic,13100,9500,2023,55.0,0.0,17.0,1200,Sapphire,315,Stainless Steel,Bracelet,Ceramic,60,Date,Men,Switzerland
Omega,Constellation 39mm,131.30.39.20.06.001,Dress,Omega 8900,In-house,Automatic,6300,4200,2024,39.0,19.0,12.0,100,Sapphire,150,Stainless Steel,Bracelet,Steel,60,Date,Men,Switzerland
Omega,De Ville Trésor,435.13.40.21.02.001,Dress,Omega 8910,In-house,Manual,6800,4500,2023,40.0,20.0,9.9,30,Sapphire,90,Stainless Steel,Leather,Steel,72,Small Seconds,Men,Switzerland
Omega,Speedmaster '57,332.10.41.51.02.002,Chronograph,Omega 9906,In-house,Automatic,9300,7200,2024,40.5,20.0,12.99,50,Sapphire,155,Stainless Steel,Bracelet,Aluminum,60,Chronograph,Men,Switzerland
Omega,Railmaster,220.10.40.20.01.001,Field,Omega 8806,In-house,Automatic,5500,4100,2023,40.0,20.0,12.8,150,Sapphire,160,Stainless Steel,Bracelet,Steel,55,None,Men,Switzerland
Omega,Globemaster Annual Calendar,130.33.41.22.03.001,Dress,Omega 8922,In-house,Automatic,9100,6500,2023,41.0,20.0,13.0,100,Sapphire,165,Stainless Steel,Leather,Tungsten Carbide,60,Annual Calendar,Men,Switzerland
Omega,Speedmaster Dark Side of the Moon,311.92.44.51.01.005,Chronograph,Omega 9300,In-house,Automatic,12600,8800,2023,44.25,21.0,16.3,50,Sapphire,95,Ceramic,Strap,Ceramic,60,"Chronograph, Date",Men,Switzerland
Omega,Seamaster 300,234.30.41.21.01.001,Diver,Omega 8912,In-house,Automatic,6500,5000,2024,41.0,20.0,13.85,300,Sapphire,170,Stainless Steel,Bracelet,Aluminum,60,None,Men,Switzerland
Tudor,Black Bay 58,79030N,Diver,Tudor MT5402,Kenissi,Automatic,3950,3100,2024,39.0,20.0,11.9,200,Sapphire,135,Stainless Steel,Bracelet,Aluminum,70,None,Men,Switzerland
Tudor,Black Bay 58 Blue,79030B,Diver,Tudor MT5402,Kenissi,Automatic,3950,3300,2024,39.0,20.0,11.9,200,Sapphire,135,Stainless Steel,Bracelet,Aluminum,70,None,Men,Switzerland
Tudor,Black Bay 54,79000N,Diver,Tudor MT5400,Kenissi,Automatic,3775,3500,2024,37.0,20.0,11.24,200,Sapphire,125,Stainless Steel,Bracelet,Aluminum,70,None,Unisex,Switzerland
Tudor,Black Bay GMT,79830RB,GMT,Tudor MT5652,Kenissi,Automatic,4575,3800,2024,41.0,22.0,14.6,200,Sapphire,165,Stainless Steel,Bracelet,Aluminum,70,GMT,Men,Switzerland
Tudor,Black Bay Pro,79470,GMT,Tudor MT5652,Kenissi,Automatic,4375,3700,2024,39.0,22.0,14.6,200,Sapphire,155,Stainless Steel,Bracelet,Steel,70,GMT,Men,Switzerland
Tudor,Black Bay Chrono,79360N,Chronograph,Tudor MT5813,Breitling B01-based,Automatic,5750,4500,2024,41.0,22.0,14.9,200,Sapphire,175,Stainless Steel,Bracelet,Steel,70,"Chronograph, Date",Men,Switzerland
Tudor,Pelagos 39,25407N,Diver,Tudor MT5400,Kenissi,Automatic,4700,4200,2024,39.0,21.0,11.8,200,Sapphire,90,Titanium,Bracelet,Ceramic,70,None,Men,Switzerland
Tudor,Pelagos FXD,25717N,Diver,Tudor MT5602,Kenissi,Automatic,4350,3900,2024,42.0,22.0,12.75,200,Sapphire,95,Titanium,Fabric,Aluminum,70,None,Men,Switzerland
Tudor,Ranger,79950,Field,Tudor MT5402,Kenissi,Automatic,3225,2800,2024,39.0,20.0,12.0,100,Sapphire,130,Stainless Steel,Bracelet,Steel,70,None,Unisex,Switzerland
Tudor,Royal 41,28600,Sport,Tudor 2824,ETA-based,Automatic,2575,2000,2023,41.0,21.0,11.5,100,Sapphire,165,Stainless Steel,Bracelet,Steel,38,Day-Date,Men,Switzerland
Tudor,1926 41mm,91550,Dress,Tudor 2824,ETA-based,Automatic,1900,1400,2023,41.0,21.0,10.6,100,Sapphire,150,Stainless Steel,Bracelet,Steel,38,Date,Men,Switzerland
Tudor,Black Bay 58 GMT,79830,GMT,Tudor MT5450-U,Kenissi,Automatic,4625,4400,2025,39.0,20.0,12.8,200,Sapphire,140,Stainless Steel,Bracelet,Aluminum,65,GMT,Men,Switzerland
Cartier,Tank Must Large,WSTA0041,Dress,Cartier (Quartz),ETA-based,Quartz,3050,2400,2024,33.7,0.0,6.6,30,Sapphire,55,Stainless Steel,Leather,Steel,0,None,Unisex,Switzerland
Cartier,Tank Must SolarBeat,WSTA0059,Dress,Cartier SolarBeat,In-house,Quartz,3400,2900,2024,33.7,0.0,6.6,30,Sapphire,50,Stainless Steel,Leather,Steel,0,None,Unisex,Switzerland
Cartier,Tank Louis Cartier,WGTA0091,Dress,Cartier 1917 MC,In-house,Manual,11400,8500,2024,33.7,0.0,6.6,30,Sapphire,45,Yellow Gold,Leather,Yellow Gold,38,None,Unisex,Switzerland
Cartier,Tank Française Medium,WSTA0074,Dress,Cartier (Quartz),ETA-based,Quartz,4350,3400,2024,32.0,0.0,9.3,30,Sapphire,95,Stainless Steel,Bracelet,Steel,0,None,Women,Switzerland
Cartier,Santos de Cartier Large,WSSA0018,Sport,Cartier 1847 MC,In-house,Automatic,7700,6200,2024,39.8,21.5,9.4,100,Sapphire,150,Stainless Steel,Bracelet,Steel,42,None,Men,Switzerland
Cartier,Santos de Cartier Medium,WSSA0029,Sport,Cartier 1847 MC,In-house,Automatic,7350,5800,2024,35.1,17.5,8.8,100,Sapphire,120,Stainless Steel,Bracelet,Steel,42,None,Unisex,Switzerland
Cartier,Ballon Bleu 40mm,WSBB0060,Dress,Cartier 1847 MC,In-house,Automatic,7350,5500,2024,40.0,20.0,13.0,30,Sapphire,145,Stainless Steel,Bracelet,Steel,42,None,Men,Switzerland
Cartier,Panthère Medium,WSPN0007,Dress,Cartier (Quartz),ETA-based,Quartz,5550,4500,2024,27.0,0.0,6.0,30,Sapphire,90,Stainless Steel,Bracelet,Steel,0,None,Women,Switzerland
Cartier,Pasha de Cartier 41mm,WSPA0009,Sport,Cartier 1847 MC,In-house,Automatic,7650,6000,2024,41.0,0.0,9.55,100,Sapphire,155,Stainless Steel,Bracelet,Steel,42,None,Men,Switzerland
Cartier,Tank Américaine,WSTA0083,Dress,Cartier 1899 MC,In-house,Automatic,9050,7000,2024,44.4,0.0,8.46,30,Sapphire,80,Stainless Steel,Leather,Steel,40,None,Men,Switzerland
Cartier,Drive de Cartier,WSNM0004,Dress,Cartier 1904-PS MC,In-house,Automatic,6750,4800,2023,40.0,0.0,11.25,30,Sapphire,110,Stainless Steel,Leather,Steel,48,Date,Men,Switzerland
Seiko,Prospex Turtle,SRPE05,Diver,Seiko 4R36,In-house,Automatic,525,380,2024,45.0,22.0,13.2,200,Hardlex,195,Stainless Steel,Bracelet,Stainless Steel,41,Day-Date,Men,Japan
Seiko,Prospex Samurai,SRPB51,Diver,Seiko 4R35,In-house,Automatic,525,360,2023,43.8,22.0,13.4,200,Hardlex,185,Stainless Steel,Bracelet,Stainless Steel,41,Date,Men,Japan
Seiko,Prospex 'Sumo',SPB323,Diver,Seiko 6R35,In-house,Automatic,1100,800,2024,45.0,20.0,12.9,200,Sapphire,200,Stainless Steel,Bracelet,Stainless Steel,70,Date,Men,Japan
Seiko,Prospex 'Willard' Captain Willard,SPB317,Diver,Seiko 6R35,In-house,Automatic,1300,950,2023,42.7,19.0,13.2,200,Sapphire,170,Stainless Steel,Silicone,Stainless Steel,70,Date,Men,Japan
Seiko,Prospex 1968 Diver Modern Re-interpretation,SPB143,Diver,Seiko 6R35,In-house,Automatic,1200,900,2024,40.5,20.0,13.2,200,Sapphire,165,Stainless Steel,Bracelet,Stainless Steel,70,Date,Men,Japan
Seiko,Prospex Speedtimer Solar Chronograph,SSC813,Chronograph,Seiko V192,In-house,Solar,695,500,2024,39.0,20.0,13.3,100,Sapphire,140,Stainless Steel,Bracelet,Tachymeter,0,"Chronograph, Date",Men,Japan
Seiko,Prospex Speedtimer Mechanical Chronograph,SRQ035,Chronograph,Seiko 8R46,In-house,Automatic,2900,2100,2023,42.5,20.0,15.1,100,Sapphire,185,Stainless Steel,Bracelet,Tachymeter,45,"Chronograph, Date",Men,Japan
Seiko,5 Sports SRPD,SRPD55,Sport,Seiko 4R36,In-house,Automatic,295,200,2024,42.5,22.0,13.4,100,Hardlex,155,Stainless Steel,Bracelet,Stainless Steel,41,Day-Date,Men,Japan
Seiko,5 Sports GMT,SSK001,GMT,Seiko 4R34,In-house,Automatic,475,350,2024,42.5,22.0,13.6,100,Hardlex,165,Stainless Steel,Bracelet,Aluminum,41,GMT,Men,Japan
Seiko,5 Sports SNXS,SNXS73,Sport,Seiko 7S26,In-house,Automatic,195,130,2023,37.0,18.0,11.4,30,Hardlex,120,Stainless Steel,Bracelet,Stainless Steel,41,Day-Date,Unisex,Japan
Seiko,Presage Cocktail Time,SRPB41,Dress,Seiko 4R35,In-house,Automatic,425,300,2024,40.5,20.0,11.8,50,Hardlex,135,Stainless Steel,Leather,Stainless Steel,41,Date,Men,Japan
Seiko,Presage Sharp Edged Series,SPB167,Dress,Seiko 6R35,In-house,Automatic,1250,850,2024,39.3,20.0,11.1,100,Sapphire,150,Stainless Steel,Bracelet,Stainless Steel,70,Date,Men,Japan
Seiko,Presage Style60s GMT,SSK011,GMT,Seiko 4R34,In-house,Automatic,595,420,2024,40.8,20.0,12.9,50,Sapphire,130,Stainless Steel,Bracelet,Stainless Steel,41,GMT,Men,Japan
Seiko,King Seiko KSK Re-creation,SPB281,Dress,Seiko 6R31,In-house,Automatic,1700,1200,2024,37.0,19.0,12.1,50,Sapphire,160,Stainless Steel,Bracelet,Stainless Steel,70,None,Men,Japan
Seiko,Prospex Solar Diver,SNE573,Diver,Seiko V157,In-house,Solar,525,350,2024,43.5,20.0,10.7,200,Hardlex,95,Stainless Steel,Silicone,Stainless Steel,0,Date,Men,Japan
Seiko,Astron GPS Solar,SSH109,GMT,Seiko 5X53,In-house,Solar,2600,1800,2024,42.8,22.0,12.2,200,Sapphire,165,Titanium,Bracelet,Ceramic,0,"GMT, Perpetual Calendar",Men,Japan
Seiko,Prospex Alpinist,SPB121,Field,Seiko 6R35,In-house,Automatic,775,550,2024,39.5,20.0,13.2,200,Sapphire,165,Stainless Steel,Bracelet,Compass,70,Date,Men,Japan
Seiko,Prospex Arnie Solar Diver,SNJ025,Diver,Seiko H851,In-house,Solar,595,420,2023,47.8,22.0,14.7,200,Hardlex,115,Stainless Steel,Silicone,Stainless Steel,0,"Chronograph, Date",Men,Japan
Seiko,Prospex Marinemaster 300,SLA021,Diver,Seiko 8L35,In-house,Automatic,3400,2600,2023,44.3,20.0,15.4,300,Sapphire,225,Stainless Steel,Silicone,Stainless Steel,50,Date,Men,Japan
Seiko,5 Sports SKX Style,SRPK29,Diver,Seiko 4R36,In-house,Automatic,350,250,2024,42.5,22.0,13.5,100,Hardlex,160,Stainless Steel,Bracelet,Stainless Steel,41,Day-Date,Men,Japan
Grand Seiko,Snowflake,SBGA211,Dress,Grand Seiko 9R65,In-house,Spring Drive,6300,5200,2024,41.0,21.0,12.5,100,Sapphire,100,Titanium,Bracelet,Steel,72,"Date, Power Reserve",Men,Japan
Grand Seiko,Heritage 62GS,SBGA413 'Shunbun',Dress,Grand Seiko 9R65,In-house,Spring Drive,6200,4900,2024,40.0,19.0,12.8,100,Sapphire,120,Stainless Steel,Bracelet,Steel,72,Date,Men,Japan
Grand Seiko,White Birch,SLGH005,Dress,Grand Seiko 9SA5,In-house,Automatic,9100,7200,2024,40.0,22.0,11.7,100,Sapphire,150,Stainless Steel,Bracelet,Steel,80,Date,Men,Japan
Grand Seiko,Heritage Hi-Beat 36000,SBGH279,Dress,Grand Seiko 9S85,In-house,Automatic,6400,4800,2024,40.0,21.0,13.0,100,Sapphire,155,Stainless Steel,Bracelet,Steel,55,Date,Men,Japan
Grand Seiko,Sport Spring Drive GMT,SBGE255,GMT,Grand Seiko 9R66,In-house,Spring Drive,6700,5500,2024,44.0,22.0,14.1,200,Sapphire,185,Stainless Steel,Bracelet,Ceramic,72,"GMT, Date, Power Reserve",Men,Japan
Grand Seiko,Evolution 9 Spring Drive,SLGA021 'Kishun',Dress,Grand Seiko 9RA5,In-house,Spring Drive,9700,8000,2024,40.0,22.0,11.8,100,Sapphire,145,Stainless Steel,Bracelet,Steel,120,"Date, Power Reserve",Men,Japan
Grand Seiko,Diver Hi-Beat,SBGH289,Diver,Grand Seiko 9S85,In-house,Automatic,7700,6200,2023,43.8,22.0,16.9,600,Sapphire,230,Stainless Steel,Bracelet,Ceramic,55,Date,Men,Japan
Grand Seiko,Quartz SBGX261,SBGX261,Dress,Grand Seiko 9F61,In-house,Quartz,2300,1700,2024,37.0,19.0,10.1,100,Sapphire,110,Stainless Steel,Bracelet,Steel,0,Date,Unisex,Japan
Grand Seiko,Elegance Spring Drive,SBGY007,Dress,Grand Seiko 9R31,In-house,Spring Drive,6500,5000,2023,38.5,19.0,10.2,30,Sapphire,75,Stainless Steel,Leather,Steel,72,Power Reserve,Men,Japan
Grand Seiko,Heritage SBGA211 'Skyflake',SBGA407,Dress,Grand Seiko 9R65,In-house,Spring Drive,6300,5100,2023,41.0,21.0,12.5,100,Sapphire,100,Titanium,Bracelet,Steel,72,"Date, Power Reserve",Men,Japan
Casio,G-Shock DW5610U,DW-5610U-1,Digital,Casio Module 3434,In-house,Quartz,75,40,2024,42.8,0.0,12.9,200,Mineral,53,Resin,Resin,Resin,0,"Stopwatch, Alarm",Unisex,Japan
Casio,G-Shock 'Square' GMW-B5000,GMW-B5000D-1,Digital,Casio Module 3459,In-house,Solar,550,400,2024,43.2,0.0,13.0,200,Sapphire,167,Stainless Steel,Bracelet,Steel,0,"Bluetooth, Solar, World Time",Men,Japan
Casio,G-Shock DW6900,DW-6900-1V,Digital,Casio Module 1289,In-house,Quartz,99,55,2024,50.0,0.0,16.3,200,Mineral,63,Resin,Resin,Resin,0,"Stopwatch, Alarm",Unisex,Japan
Casio,G-Shock GA2100 'CasiOak',GA-2100-1A1,Sport,Casio Module 5611,In-house,Quartz,120,75,2024,45.4,0.0,11.8,200,Mineral,51,Carbon/Resin,Resin,Resin,0,Analog-Digital,Unisex,Thailand
Casio,G-Shock Mudmaster,GG-B100-1A,Tool,Casio Module 5554,In-house,Quartz,350,240,2024,55.4,0.0,17.4,200,Mineral,97,Resin,Resin,Resin,0,"Compass, Altimeter, Bluetooth",Men,Thailand
Casio,G-Shock Frogman,GWF-A1000-1A,Diver,Casio Module 5626,In-house,Solar,799,600,2024,53.3,0.0,16.1,200,Sapphire,115,Carbon/Resin,Resin,Resin,0,"Dive, Bluetooth, Solar",Men,Japan
Casio,G-Shock Rangeman,GW-9400-1,Tool,Casio Module 3410,In-house,Solar,330,220,2023,53.5,0.0,18.2,200,Mineral,93,Resin,Resin,Resin,0,"Triple Sensor, Solar",Men,Thailand
Casio,G-Shock MTG-B3000,MTG-B3000B-1A,Sport,Casio Module 5688,In-house,Solar,1100,850,2024,50.9,0.0,12.1,200,Sapphire,109,Carbon/Resin,Resin,Resin,0,"Bluetooth, Solar",Men,Japan
Casio,F-91W,F-91W-1,Digital,Casio Module 593,In-house,Quartz,20,12,2024,38.2,18.0,8.5,30,Acrylic,21,Resin,Resin,Resin,0,"Alarm, Stopwatch",Unisex,China
Casio,A158WA Vintage,A158WA-1,Digital,Casio Module 593,In-house,Quartz,30,18,2024,33.2,18.0,8.2,30,Acrylic,36,Stainless Steel,Bracelet,Steel,0,"Alarm, Stopwatch",Unisex,China
Casio,Edifice Chronograph,EFV-540D-1A,Chronograph,Casio Module,In-house,Quartz,130,80,2024,48.0,22.0,12.4,100,Mineral,165,Stainless Steel,Bracelet,Steel,0,"Chronograph, Date",Men,Thailand
Casio,Pro Trek PRG-340,PRG-340-1,Tool,Casio Module 3415,In-house,Solar,230,150,2023,55.4,0.0,12.7,100,Mineral,65,Resin,Resin,Resin,0,"Triple Sensor, Solar",Men,Thailand
Casio,G-Shock Full Metal GMWB5000 Gold,GMW-B5000GD-9,Digital,Casio Module 3459,In-house,Solar,650,520,2024,43.2,0.0,13.0,200,Sapphire,167,Stainless Steel,Bracelet,Steel,0,"Bluetooth, Solar",Men,Japan
Casio,Casio Vintage A168,A168WA-1,Digital,Casio Module,In-house,Quartz,35,20,2024,36.3,18.0,9.6,30,Acrylic,53,Stainless Steel,Bracelet,Steel,0,"Alarm, Stopwatch",Unisex,China
Casio,G-Shock GA-B2100,GA-B2100-1A1,Sport,Casio Module 5691,In-house,Solar,160,110,2024,48.5,0.0,11.9,200,Mineral,52,Carbon/Resin,Resin,Resin,0,"Bluetooth, Solar",Unisex,Thailand
Citizen,Promaster Diver Eco-Drive,BN0150-28E,Diver,Citizen E168,In-house,Solar,425,280,2024,44.0,20.0,12.0,200,Mineral,110,Stainless Steel,Polyurethane,Stainless Steel,0,Date,Men,Japan
Citizen,Promaster Dive Automatic,NY0040-09W 'Fugu',Diver,Citizen 8203,In-house,Automatic,375,250,2024,44.0,20.0,13.4,200,Mineral,165,Stainless Steel,Polyurethane,Stainless Steel,42,Day-Date,Men,Japan
Citizen,Promaster Skyhawk A-T,JY8078-52L,Pilot,Citizen U680,In-house,Solar,695,450,2023,46.0,0.0,18.0,200,Sapphire,170,Stainless Steel,Bracelet,Slide Rule,0,"Atomic, World Time, Chronograph",Men,Japan
Citizen,Tsuyosa Automatic,NJ0150-81X,Sport,Citizen 8210,In-house,Automatic,425,300,2024,40.0,18.0,11.7,50,Sapphire,140,Stainless Steel,Bracelet,Stainless Steel,42,Date,Unisex,Japan
Citizen,Eco-Drive Corso,BM7100-59E,Dress,Citizen E111,In-house,Solar,295,180,2024,40.0,20.0,9.0,100,Mineral,95,Stainless Steel,Leather,Steel,0,Date,Men,Japan
Citizen,Series 8 870 Mechanical,NB6012-18L,Sport,Citizen 9051,In-house,Automatic,2000,1400,2024,40.4,20.0,11.3,100,Sapphire,165,Stainless Steel,Bracelet,Stainless Steel,50,Date,Men,Japan
Citizen,Attesa Eco-Drive Radio,CB0210-54L,Dress,Citizen H145,In-house,Solar,595,400,2023,40.0,0.0,9.5,100,Sapphire,90,Super Titanium,Bracelet,Titanium,0,"Atomic, World Time",Men,Japan
Citizen,The Citizen A060,AQ4020-54Y,Dress,Citizen Cal. A060,In-house,Solar,2400,1700,2023,38.3,19.0,9.1,50,Sapphire,95,Super Titanium,Leather,Titanium,0,Date,Men,Japan
Citizen,Promaster Tough,BN0211-50E,Field,Citizen J810,In-house,Solar,350,230,2024,42.0,20.0,12.4,200,Sapphire,120,Super Titanium,Bracelet,Titanium,0,Date,Men,Japan
Citizen,Eco-Drive Chronograph,CA0649-14E,Chronograph,Citizen B612,In-house,Solar,325,200,2024,43.0,21.0,11.7,100,Mineral,150,Stainless Steel,Bracelet,Tachymeter,0,"Chronograph, Date",Men,Japan
Tissot,PRX Powermatic 80,T137.407.11.041.00,Sport,Tissot Powermatic 80,ETA-based,Automatic,725,520,2024,40.0,12.0,10.9,100,Sapphire,145,Stainless Steel,Bracelet,Stainless Steel,80,Date,Unisex,Switzerland
Tissot,PRX Powermatic 80 35mm,T137.207.11.041.00,Sport,Tissot Powermatic 80,ETA-based,Automatic,695,500,2024,35.0,10.0,10.6,100,Sapphire,120,Stainless Steel,Bracelet,Stainless Steel,80,Date,Unisex,Switzerland
Tissot,PRX Quartz 40mm,T137.410.11.041.00,Sport,ETA F06,ETA,Quartz,395,250,2024,40.0,12.0,10.4,100,Sapphire,140,Stainless Steel,Bracelet,Stainless Steel,0,Date,Unisex,Switzerland
Tissot,PRX Chronograph,T137.427.11.041.00,Chronograph,Valjoux A05.H31,ETA-based,Automatic,1850,1300,2024,42.0,12.0,15.2,100,Sapphire,175,Stainless Steel,Bracelet,Stainless Steel,60,"Chronograph, Date",Men,Switzerland
Tissot,Seastar 1000 Powermatic 80,T120.407.11.041.00,Diver,Powermatic 80,ETA-based,Automatic,875,600,2024,43.0,21.0,13.0,300,Sapphire,185,Stainless Steel,Bracelet,Ceramic,80,Date,Men,Switzerland
Tissot,Gentleman Powermatic 80 Silicium,T127.407.11.051.00,Dress,Powermatic 80,ETA-based,Automatic,795,550,2024,40.0,21.0,11.5,100,Sapphire,150,Stainless Steel,Bracelet,Steel,80,Date,Men,Switzerland
Tissot,Le Locle Powermatic 80,T006.407.11.033.00,Dress,Powermatic 80,ETA-based,Automatic,675,450,2024,39.3,19.0,9.75,30,Sapphire,120,Stainless Steel,Bracelet,Steel,80,Date,Men,Switzerland
Tissot,Chrono XL Quartz,T116.617.36.057.00,Chronograph,ETA G10,ETA,Quartz,425,250,2024,45.0,22.0,12.4,100,Mineral,165,Stainless Steel,Bracelet,Tachymeter,0,"Chronograph, Date",Men,Switzerland
Tissot,Supersport Chrono,T125.617.16.051.00,Chronograph,ETA G10,ETA,Quartz,475,300,2024,45.5,22.0,13.1,100,Sapphire,170,Stainless Steel,Bracelet,Tachymeter,0,"Chronograph, Date",Men,Switzerland
Tissot,Heritage Visodate,T118.410.16.277.00,Dress,Powermatic 80,ETA-based,Automatic,795,550,2024,42.0,20.0,10.3,30,Sapphire,145,Stainless Steel,Leather,Steel,80,Day-Date,Men,Switzerland
Tissot,T-Touch Connect Sport,T153.420.47.051.02,Tool,Tissot E-Solar,In-house,Solar,1075,750,2024,43.75,0.0,11.7,100,Sapphire,95,Titanium,Rubber,Titanium,0,"Smartwatch, Solar",Men,Switzerland
Hamilton,Khaki Field Mechanical 38mm,H69439931,Field,Hamilton H-50,ETA-based,Manual,595,420,2024,38.0,20.0,9.5,50,Sapphire,55,Stainless Steel,NATO,Steel,80,None,Unisex,Switzerland
Hamilton,Khaki Field Murph Auto,H70605731,Field,Hamilton H-10,ETA-based,Automatic,1045,750,2024,42.0,20.0,11.0,100,Sapphire,150,Stainless Steel,Bracelet,Steel,80,Date,Men,Switzerland
Hamilton,Khaki Field Auto 38mm,H70455533,Field,Hamilton H-10,ETA-based,Automatic,845,580,2024,38.0,20.0,11.0,100,Sapphire,130,Stainless Steel,Leather,Steel,80,Date,Unisex,Switzerland
Hamilton,Khaki Aviation Pilot Day Date,H64635731,Pilot,Hamilton H-30,ETA-based,Automatic,1095,750,2024,42.0,20.0,12.5,100,Sapphire,150,Stainless Steel,Bracelet,Steel,80,Day-Date,Men,Switzerland
Hamilton,Jazzmaster Open Heart Auto,H32675150,Dress,Hamilton H-10,ETA-based,Automatic,1095,720,2024,42.0,20.0,12.0,50,Sapphire,140,Stainless Steel,Leather,Steel,80,Open Heart,Men,Switzerland
Hamilton,Ventura Quartz,H24411732,Dress,ETA F06,ETA,Quartz,695,450,2024,32.3,0.0,8.0,50,Sapphire,60,Stainless Steel,Leather,Steel,0,None,Unisex,Switzerland
Hamilton,Intra-Matic Auto Chrono,H38416711,Chronograph,Hamilton H-31,ETA/Valjoux,Automatic,2545,1700,2023,40.0,20.0,14.9,100,Sapphire,165,Stainless Steel,Leather,Tachymeter,60,"Chronograph, Date",Men,Switzerland
Hamilton,American Classic PSR Digital,H52414130,Digital,Hamilton,In-house,Quartz,795,520,2024,40.8,0.0,12.5,100,Sapphire,110,Stainless Steel,Bracelet,Steel,0,Digital,Unisex,Switzerland
Hamilton,Khaki Navy Scuba Auto,H82515130,Diver,Hamilton H-10,ETA-based,Automatic,995,680,2024,40.0,20.0,13.45,100,Sapphire,150,Stainless Steel,Bracelet,Aluminum,80,Date,Men,Switzerland
Timex,Weekender 38mm,TW2U22300,Field,Timex Quartz,Japan,Quartz,55,30,2024,38.0,20.0,9.0,30,Acrylic,35,Brass,NATO,Brass,0,Date,Unisex,Philippines
Timex,Q Timex Reissue,TW2U61500,Sport,Timex Quartz,Japan,Quartz,179,110,2024,38.0,18.0,11.5,50,Acrylic,95,Stainless Steel,Bracelet,Rotating,0,Date,Unisex,Philippines
Timex,Marlin Hand-Wound 34mm,TW2T18000,Dress,Timex Manual,Seagull,Manual,219,140,2024,34.0,18.0,10.5,30,Acrylic,55,Stainless Steel,Leather,Steel,40,None,Unisex,China
Timex,Marlin Automatic,TW2U11800,Dress,Miyota 8215,Miyota,Automatic,259,160,2023,40.0,20.0,12.3,50,Acrylic,90,Stainless Steel,Leather,Steel,42,None,Unisex,China
Timex,Expedition North Tide-Temp-Compass,TW2V21800,Tool,Timex Quartz,Japan,Quartz,195,120,2024,43.0,20.0,14.0,100,Sapphire,110,Stainless Steel,Fabric,Compass,0,"Tide, Temp, Compass",Men,Philippines
Timex,Ironman Classic 30,T5K821,Digital,Timex Quartz,Japan,Quartz,45,25,2024,38.0,18.0,12.0,100,Acrylic,35,Resin,Resin,Resin,0,"Chronograph, Alarm",Unisex,Philippines
Timex,Easy Reader 38mm,TW2U22200,Dress,Timex Quartz,Japan,Quartz,50,28,2024,38.0,18.0,9.0,30,Acrylic,30,Brass,Leather,Brass,0,Date,Unisex,Philippines
Timex,Waterbury Traditional GMT,TW2V37800,GMT,Miyota 9075,Miyota,Automatic,379,250,2024,39.0,20.0,13.5,100,Sapphire,130,Stainless Steel,Bracelet,Aluminum,42,"GMT, Date",Men,China
Orient,Bambino Version 2,FAC0000DD0,Dress,Orient F6724,In-house,Automatic,200,130,2024,40.5,21.0,11.8,30,Mineral,95,Stainless Steel,Leather,Steel,40,Date,Men,Japan
Orient,Kamasu Diver,RA-AA0002L19A,Diver,Orient F6922,In-house,Automatic,290,190,2024,41.8,22.0,12.8,200,Sapphire,165,Stainless Steel,Bracelet,Stainless Steel,40,Day-Date,Men,Japan
Orient,Mako 40,RA-AC0Q06L10B,Diver,Orient F6922,In-house,Automatic,275,180,2024,40.0,20.0,11.8,200,Sapphire,150,Stainless Steel,Bracelet,Stainless Steel,40,Day-Date,Men,Japan
Orient,Star Contemporary,RE-AU0005L00B,Dress,Orient F6N47,In-house,Automatic,750,500,2024,38.5,20.0,11.7,50,Sapphire,110,Stainless Steel,Leather,Steel,50,"Power Reserve, Date",Men,Japan
Orient,Sun & Moon Version 4,RA-AS0102S,Dress,Orient F6B24,In-house,Automatic,450,300,2023,42.5,22.0,13.4,50,Sapphire,130,Stainless Steel,Leather,Steel,40,"Sun-Moon, Date",Men,Japan
Orient,Tristar Classic,RA-AB0E08S,Dress,Orient F6722,In-house,Automatic,165,100,2024,38.4,18.0,11.4,30,Mineral,105,Stainless Steel,Bracelet,Steel,40,Day-Date,Men,Japan
Longines,HydroConquest 41mm,L3.781.4.56.6,Diver,Longines L888,ETA-based,Automatic,1750,1200,2024,41.0,21.0,12.8,300,Sapphire,170,Stainless Steel,Bracelet,Ceramic,72,Date,Men,Switzerland
Longines,Spirit 40mm,L3.810.4.53.6,Pilot,Longines L888.4,ETA-based,Automatic,2350,1600,2024,40.0,20.0,13.9,100,Sapphire,165,Stainless Steel,Bracelet,Steel,72,Date,Men,Switzerland
Longines,Spirit Zulu Time GMT,L3.812.4.63.6,GMT,Longines L844.4,ETA-based,Automatic,2900,2100,2024,42.0,21.0,15.0,100,Sapphire,185,Stainless Steel,Bracelet,Ceramic,72,"GMT, Date",Men,Switzerland
Longines,Master Collection 40mm,L2.793.4.78.3,Dress,Longines L888,ETA-based,Automatic,2200,1500,2024,40.0,20.0,11.7,30,Sapphire,130,Stainless Steel,Leather,Steel,72,Date,Men,Switzerland
Longines,Conquest 41mm,L3.830.4.92.6,Sport,Longines L888,ETA-based,Automatic,2250,1500,2024,41.0,21.0,11.9,100,Sapphire,160,Stainless Steel,Bracelet,Steel,72,Date,Men,Switzerland
Longines,Legend Diver 42mm,L3.774.4.50.6,Diver,Longines L888,ETA-based,Automatic,2900,2000,2024,42.0,21.0,12.9,300,Sapphire,165,Stainless Steel,Bracelet,Inner Rotating,72,Date,Men,Switzerland
Longines,DolceVita,L5.512.5.75.7,Dress,ETA Quartz,ETA,Quartz,1500,950,2024,23.0,0.0,6.0,30,Sapphire,55,Stainless Steel,Leather,Steel,0,None,Women,Switzerland
Longines,Heritage Classic Tuxedo,L2.330.4.93.0,Dress,Longines L893,ETA-based,Automatic,2100,1400,2023,38.5,19.0,9.8,30,Sapphire,110,Stainless Steel,Leather,Steel,64,None,Men,Switzerland
Longines,Master Collection Moonphase,L2.909.4.78.3,Dress,Longines L899,ETA-based,Automatic,3400,2300,2024,40.0,20.0,12.5,30,Sapphire,135,Stainless Steel,Leather,Steel,54,"Moonphase, Calendar",Men,Switzerland
Longines,Conquest VHP Chronograph,L3.717.4.66.6,Chronograph,Longines L538 VHP,ETA-based,Quartz,1450,950,2023,42.0,21.0,13.0,50,Sapphire,170,Stainless Steel,Bracelet,Steel,0,"Chronograph, Perpetual",Men,Switzerland
Oris,Aquis Date 41.5mm,01 733 7766 4154,Diver,Oris 733 (Sellita),Sellita-based,Automatic,2200,1500,2024,41.5,21.0,13.3,300,Sapphire,185,Stainless Steel,Bracelet,Ceramic,38,Date,Men,Switzerland
Oris,Divers Sixty-Five 40mm,01 733 7707 4035,Diver,Oris 733 (Sellita),Sellita-based,Automatic,2050,1400,2024,40.0,20.0,13.0,100,Sapphire,150,Stainless Steel,Bracelet,Steel,38,Date,Men,Switzerland
Oris,Divers Sixty-Five 12H Calibre 400,01 400 7772 4055,Diver,Oris Calibre 400,In-house,Automatic,3700,2700,2024,40.0,20.0,12.8,100,Sapphire,155,Stainless Steel,Bracelet,Steel,120,Date,Men,Switzerland
Oris,Big Crown Pointer Date 40mm,01 754 7779 4065,Pilot,Oris 754 (Sellita),Sellita-based,Automatic,1900,1300,2024,40.0,20.0,11.8,50,Sapphire,110,Stainless Steel,Leather,Steel,38,Pointer Date,Men,Switzerland
Oris,ProPilot X Calibre 400,01 400 7778 7153,Pilot,Oris Calibre 400,In-house,Automatic,4900,3700,2024,39.0,20.0,10.9,100,Sapphire,95,Titanium,Bracelet,Titanium,120,Date,Men,Switzerland
Oris,Aquis Calibre 400,01 400 7769 4135,Diver,Oris Calibre 400,In-house,Automatic,3500,2600,2024,41.5,21.0,13.5,300,Sapphire,185,Stainless Steel,Bracelet,Ceramic,120,Date,Men,Switzerland
Oris,Artelier Calibre 400 Date,01 400 7789 4031,Dress,Oris Calibre 400,In-house,Automatic,3300,2400,2023,38.0,19.0,11.5,50,Sapphire,115,Stainless Steel,Leather,Steel,120,Date,Men,Switzerland
Oris,ProPilot Altimeter,01 793 7775 4164,Pilot,Oris 793,Sellita-based,Automatic,4200,2900,2023,47.0,22.0,17.7,100,Sapphire,160,Stainless Steel,Strap,Steel,38,"Altimeter, Date",Men,Switzerland
TAG Heuer,Carrera Chronograph 39mm Glassbox,CBS2210.FC6534,Chronograph,TAG Heuer TH20-00,Sellita-based,Automatic,6450,4800,2024,39.0,20.0,14.8,100,Sapphire,160,Stainless Steel,Leather,Tachymeter,80,"Chronograph, Date",Men,Switzerland
TAG Heuer,Carrera Chronograph 42mm,CBN2A1B.BA0643,Chronograph,TAG Heuer Calibre Heuer 02,In-house,Automatic,6750,4900,2024,42.0,20.0,15.6,100,Sapphire,175,Stainless Steel,Bracelet,Tachymeter,80,"Chronograph, Date",Men,Switzerland
TAG Heuer,Aquaracer Professional 300,WBP2111.BA0627,Diver,TAG Heuer Calibre 5,Sellita-based,Automatic,3300,2300,2024,43.0,21.0,13.6,300,Sapphire,175,Stainless Steel,Bracelet,Ceramic,38,Date,Men,Switzerland
TAG Heuer,Aquaracer Professional 200,WBP1410.BA0622,Diver,TAG Heuer Calibre 5,Sellita-based,Automatic,2950,2000,2024,40.0,20.0,12.4,200,Sapphire,155,Stainless Steel,Bracelet,Ceramic,38,Date,Men,Switzerland
TAG Heuer,Monaco Chronograph,CBL2111.BA0644,Chronograph,TAG Heuer Calibre Heuer 02,In-house,Automatic,7400,5600,2024,39.0,22.0,14.4,100,Sapphire,165,Stainless Steel,Leather,Steel,80,"Chronograph, Date",Men,Switzerland
TAG Heuer,Formula 1 Solargraph,WBJ1114.BA0664,Sport,TAG Heuer Solargraph,In-house,Solar,1800,1200,2024,38.0,18.0,9.5,200,Sapphire,115,Stainless Steel,Bracelet,Aluminum,0,"Solar, Date",Unisex,Switzerland
TAG Heuer,Connected Calibre E4 42mm,SBR8010.BT6255,Smartwatch,TAG Heuer (Wear OS),In-house,Quartz,1800,1100,2023,42.0,0.0,13.5,50,Sapphire,80,Stainless Steel,Rubber,Steel,0,Smartwatch,Unisex,Switzerland
TAG Heuer,Carrera Date 36mm,WBN2310.BA0001,Sport,TAG Heuer Calibre 5,Sellita-based,Automatic,3200,2200,2024,36.0,18.0,11.5,100,Sapphire,130,Stainless Steel,Bracelet,Steel,38,Date,Unisex,Switzerland
TAG Heuer,Autavia Isograph,WBE5114.EB0173,Field,TAG Heuer Calibre 5,Sellita-based,Automatic,3550,2200,2023,42.0,22.0,15.5,100,Sapphire,170,Stainless Steel,Leather,Aluminum,38,Date,Men,Switzerland
TAG Heuer,Carrera Skipper,CBS2213.FC6545,Chronograph,TAG Heuer TH20-06,Sellita-based,Automatic,6600,5000,2024,39.0,20.0,14.9,100,Sapphire,160,Stainless Steel,Leather,Tachymeter,80,"Chronograph, Regatta",Men,Switzerland
Breitling,Navitimer B01 Chronograph 43,AB0138241C1A1,Chronograph,Breitling B01,In-house,Automatic,9650,6500,2024,43.0,22.0,13.6,30,Sapphire,140,Stainless Steel,Bracelet,Slide Rule,70,"Chronograph, Date",Men,Switzerland
Breitling,Navitimer B01 Chronograph 41,AB0139211B1P1,Chronograph,Breitling B01,In-house,Automatic,9300,6200,2024,41.0,22.0,13.7,30,Sapphire,135,Stainless Steel,Leather,Slide Rule,70,"Chronograph, Date",Men,Switzerland
Breitling,Superocean Heritage B20 42,AB2010121L1A1,Diver,Breitling B20,Tudor-based,Automatic,5400,3900,2024,42.0,22.0,13.9,200,Sapphire,175,Stainless Steel,Bracelet,Ceramic,70,Date,Men,Switzerland
Breitling,Superocean Automatic 42,A17375211B1A1,Diver,Breitling 17,ETA-based,Automatic,5050,3500,2024,42.0,22.0,14.4,300,Sapphire,180,Stainless Steel,Bracelet,Inner Rotating,38,Date,Men,Switzerland
Breitling,Chronomat B01 42,AB0134101C1A1,Chronograph,Breitling B01,In-house,Automatic,9100,6300,2024,42.0,22.0,15.1,200,Sapphire,195,Stainless Steel,Bracelet,Steel,70,"Chronograph, Date",Men,Switzerland
Breitling,Premier B01 Chronograph 42,AB0145211C1P1,Chronograph,Breitling B01,In-house,Automatic,8500,5800,2024,42.0,22.0,14.0,100,Sapphire,165,Stainless Steel,Leather,Steel,70,"Chronograph, Date",Men,Switzerland
Breitling,Avenger Automatic 42,A17328101C1A1,Pilot,Breitling 17,ETA-based,Automatic,4600,3100,2024,42.0,22.0,12.8,300,Sapphire,185,Stainless Steel,Bracelet,Unidirectional,38,Date,Men,Switzerland
Breitling,Top Time B01 Classic Cars,AB01765A1B1X1,Chronograph,Breitling B01,In-house,Automatic,6900,4900,2023,41.0,20.0,13.7,100,Sapphire,130,Stainless Steel,Leather,Steel,70,"Chronograph, Date",Men,Switzerland
Breitling,Endurance Pro 44,X82310A51B1S1,Sport,Breitling SuperQuartz,ETA-based,Quartz,3500,2400,2024,44.0,24.0,12.7,100,Sapphire,60,Breitlight,Rubber,Tachymeter,0,"Chronograph, Date",Men,Switzerland
IWC,Pilot's Watch Mark XX,IW328201,Pilot,IWC 32111,Sellita-based,Automatic,5450,4200,2024,40.0,20.0,10.8,100,Sapphire,150,Stainless Steel,Bracelet,Steel,120,Date,Men,Switzerland
IWC,Big Pilot's Watch 43,IW329301,Pilot,IWC 82100,In-house,Automatic,9950,7500,2024,43.0,22.0,13.6,100,Sapphire,165,Stainless Steel,Leather,Steel,60,Date,Men,Switzerland
IWC,Portugieser Automatic 40,IW358304,Dress,IWC 82200,In-house,Automatic,8400,6300,2024,40.4,20.0,12.4,30,Sapphire,140,Stainless Steel,Leather,Steel,60,Date,Men,Switzerland
IWC,Portugieser Chronograph,IW371617,Chronograph,IWC 69355,In-house,Automatic,8950,6800,2024,41.0,21.0,13.1,30,Sapphire,160,Stainless Steel,Leather,Steel,46,"Chronograph, Date",Men,Switzerland
IWC,Portofino Automatic 40,IW356517,Dress,IWC 35111,Sellita-based,Automatic,5500,3900,2024,40.0,20.0,12.0,30,Sapphire,125,Stainless Steel,Leather,Steel,42,Date,Men,Switzerland
IWC,Ingenieur Automatic 40,IW328903,Sport,IWC 32111,Sellita-based,Automatic,12200,10500,2024,40.0,18.0,10.7,100,Sapphire,165,Stainless Steel,Bracelet,Steel,120,Date,Men,Switzerland
IWC,Aquatimer Automatic,IW328803,Diver,IWC 32110,Sellita-based,Automatic,6750,4800,2023,42.0,20.0,14.0,300,Sapphire,180,Stainless Steel,Rubber,Inner Rotating,120,Date,Men,Switzerland
IWC,Pilot's Watch Chronograph 41,IW388111,Chronograph,IWC 69385,In-house,Automatic,6900,5200,2024,41.0,20.0,14.5,100,Sapphire,165,Stainless Steel,Bracelet,Steel,46,"Chronograph, Date",Men,Switzerland
Panerai,Luminor Marina 44mm,PAM01312,Diver,Panerai P.9010,In-house,Automatic,8700,6200,2024,44.0,24.0,15.25,300,Sapphire,185,Stainless Steel,Leather,Steel,72,"Date, Small Seconds",Men,Switzerland
Panerai,Luminor Base Logo 44mm,PAM01086,Dress,Panerai P.6000,In-house,Manual,6300,4400,2024,44.0,24.0,11.6,100,Sapphire,150,Stainless Steel,Leather,Steel,72,None,Men,Switzerland
Panerai,Radiomir 45mm,PAM00992,Dress,Panerai P.6000,In-house,Manual,7700,5300,2024,45.0,24.0,11.0,100,Sapphire,140,Stainless Steel,Leather,Steel,72,None,Men,Switzerland
Panerai,Submersible 42mm,PAM02973,Diver,Panerai P.900,In-house,Automatic,10300,8000,2024,42.0,22.0,13.6,300,Sapphire,165,Stainless Steel,Rubber,Unidirectional,72,"Date, Small Seconds",Men,Switzerland
Panerai,Submersible QuarantaQuattro,PAM01229,Diver,Panerai P.900,In-house,Automatic,11200,8800,2024,44.0,24.0,12.95,300,Sapphire,175,Stainless Steel,Rubber,Unidirectional,72,"Date, Small Seconds",Men,Switzerland
Panerai,Luminor Due 42mm,PAM00926,Dress,Panerai P.900,In-house,Automatic,8800,5900,2023,42.0,22.0,10.7,30,Sapphire,120,Stainless Steel,Leather,Steel,72,"Date, Small Seconds",Men,Switzerland
Zenith,Chronomaster Sport,03.3100.3600/69.M3100,Chronograph,Zenith El Primero 3600,In-house,Automatic,10900,8500,2024,41.0,21.0,13.6,100,Sapphire,165,Stainless Steel,Bracelet,Ceramic,60,"Chronograph, Date",Men,Switzerland
Zenith,Chronomaster Original,03.3200.3600/69.M3200,Chronograph,Zenith El Primero 3600,In-house,Automatic,9500,7400,2024,38.0,19.0,12.6,50,Sapphire,145,Stainless Steel,Bracelet,Tachymeter,60,"Chronograph, Date",Men,Switzerland
Zenith,Defy Skyline,03.9300.3620/51.I001,Sport,Zenith El Primero 3620,In-house,Automatic,9900,7800,2024,41.0,0.0,12.8,100,Sapphire,170,Stainless Steel,Bracelet,Steel,60,"Date, 1/10 Second",Men,Switzerland
Zenith,Pilot Big Date Flyback,03.4000.3652/21.I001,Pilot,Zenith El Primero 3652,In-house,Automatic,10400,8200,2024,42.5,21.0,15.0,100,Sapphire,175,Stainless Steel,Rubber,Steel,60,"Chronograph, Big Date",Men,Switzerland
Zenith,Elite Classic 40.5mm,03.3100.670/02.C922,Dress,Zenith Elite 670,In-house,Automatic,6900,4800,2023,40.5,20.0,9.4,50,Sapphire,115,Stainless Steel,Leather,Steel,50,Date,Men,Switzerland
Zenith,Defy Skyline Skeleton,03.9300.3620/78.I001,Sport,Zenith El Primero 3620 SK,In-house,Automatic,12900,10000,2024,41.0,0.0,12.8,100,Sapphire,170,Stainless Steel,Bracelet,Steel,60,"Skeleton, Date",Men,Switzerland
Patek Philippe,Nautilus 5711/1A-014,5711/1A-014,Luxury,Patek 26-330 S C,In-house,Automatic,37000,170000,2022,40.0,0.0,8.3,120,Sapphire,150,Stainless Steel,Bracelet,Steel,45,Date,Men,Switzerland
Patek Philippe,Nautilus 5712/1A,5712/1A-001,Luxury,Patek 240 PS IRM C LU,In-house,Automatic,46000,140000,2023,40.0,0.0,8.5,60,Sapphire,145,Stainless Steel,Bracelet,Steel,48,"Moonphase, Power Reserve, Date",Men,Switzerland
Patek Philippe,Aquanaut 5167A,5167A-001,Sport,Patek 324 S C,In-house,Automatic,24000,55000,2023,40.0,0.0,8.1,120,Sapphire,140,Stainless Steel,Rubber,Steel,45,Date,Men,Switzerland
Patek Philippe,Aquanaut 5168G 42mm,5168G-001,Sport,Patek 324 S C,In-house,Automatic,44000,62000,2023,42.2,0.0,8.25,120,Sapphire,135,White Gold,Rubber,White Gold,45,Date,Men,Switzerland
Patek Philippe,Calatrava 6119G,6119G-001,Dress,Patek 30-255 PS,In-house,Manual,38000,36000,2024,39.0,0.0,8.08,30,Sapphire,110,White Gold,Leather,White Gold,65,Small Seconds,Men,Switzerland
Patek Philippe,Calatrava 5226G,5226G-001,Dress,Patek 26-330 S C,In-house,Automatic,40000,38000,2024,40.0,0.0,8.53,30,Sapphire,115,White Gold,Leather,White Gold,45,Date,Men,Switzerland
Patek Philippe,Annual Calendar 5905/1A,5905/1A-001,Chronograph,Patek CH 28-520 QA 24H,In-house,Automatic,60000,72000,2023,42.0,0.0,14.5,30,Sapphire,185,Stainless Steel,Bracelet,Steel,55,"Annual Calendar, Chronograph",Men,Switzerland
Patek Philippe,Perpetual Calendar 5320G,5320G-011,Luxury,Patek 324 S Q,In-house,Automatic,100000,95000,2023,40.0,0.0,11.13,30,Sapphire,120,White Gold,Leather,White Gold,45,"Perpetual Calendar, Moonphase",Men,Switzerland
Patek Philippe,Twenty~4 Automatic 36mm,7300/1200A-011,Luxury,Patek 324 S C,In-house,Automatic,40000,42000,2024,36.0,0.0,8.84,30,Sapphire,140,Stainless Steel,Bracelet,Diamond,45,Date,Women,Switzerland
Patek Philippe,Grand Complications 5270J,5270J-001,Luxury,Patek CH 29-535 PS Q,In-house,Manual,195000,185000,2023,41.0,0.0,12.4,30,Sapphire,150,Yellow Gold,Leather,Yellow Gold,65,"Perpetual Calendar, Chronograph",Men,Switzerland
Audemars Piguet,Royal Oak Selfwinding 41mm,15510ST.OO.1320ST.05,Luxury,AP 4302,In-house,Automatic,36000,55000,2024,41.0,0.0,10.4,50,Sapphire,175,Stainless Steel,Bracelet,Steel,70,Date,Men,Switzerland
Audemars Piguet,Royal Oak Selfwinding 37mm,15550ST.OO.1356ST.01,Luxury,AP 5900,In-house,Automatic,35000,52000,2024,37.0,0.0,9.1,50,Sapphire,150,Stainless Steel,Bracelet,Steel,60,Date,Unisex,Switzerland
Audemars Piguet,Royal Oak Jumbo Extra-Thin,16202ST.OO.1240ST.01,Luxury,AP 7121,In-house,Automatic,55000,95000,2024,39.0,0.0,8.1,50,Sapphire,160,Stainless Steel,Bracelet,Steel,55,Date,Men,Switzerland
Audemars Piguet,Royal Oak Chronograph 41mm,26240ST.OO.1320ST.05,Chronograph,AP 4401,In-house,Automatic,47000,68000,2024,41.0,0.0,12.0,50,Sapphire,195,Stainless Steel,Bracelet,Steel,70,"Chronograph, Date",Men,Switzerland
Audemars Piguet,Royal Oak Offshore Chronograph 43,26420SO.OO.A600CA.01,Chronograph,AP 4404,In-house,Automatic,52000,65000,2024,43.0,0.0,14.5,300,Sapphire,185,Stainless Steel,Rubber,Ceramic,70,"Chronograph, Date",Men,Switzerland
Audemars Piguet,Royal Oak Frosted Gold 37mm,15454BC.GG.1259BC.03,Luxury,AP 5800,In-house,Automatic,65000,72000,2023,37.0,0.0,9.9,50,Sapphire,165,White Gold,Bracelet,White Gold,60,Date,Women,Switzerland
Audemars Piguet,Code 11.59 Selfwinding,15210BC.OO.A002CR.01,Dress,AP 4302,In-house,Automatic,27000,24000,2024,41.0,0.0,10.7,30,Sapphire,130,White Gold,Leather,White Gold,70,Date,Men,Switzerland
Audemars Piguet,Royal Oak Offshore Diver,15720ST.OO.A009CA.01,Diver,AP 4308,In-house,Automatic,38000,46000,2023,42.0,0.0,11.07,300,Sapphire,180,Stainless Steel,Rubber,Ceramic,60,Date,Men,Switzerland
Vacheron Constantin,Overseas Automatic 41mm,4500V/110A-B128,Luxury,VC 5100,In-house,Automatic,26500,28000,2024,41.0,0.0,11.0,150,Sapphire,185,Stainless Steel,Bracelet,Steel,60,Date,Men,Switzerland
Vacheron Constantin,Overseas Chronograph,5500V/110A-B481,Chronograph,VC 5200,In-house,Automatic,34000,33000,2024,42.5,0.0,13.7,150,Sapphire,200,Stainless Steel,Bracelet,Steel,52,"Chronograph, Date",Men,Switzerland
Vacheron Constantin,Patrimony Self-Winding,4100U/000G-B920,Dress,VC 2450 Q6,In-house,Automatic,30000,26000,2023,40.0,0.0,8.5,30,Sapphire,110,White Gold,Leather,White Gold,40,Date,Men,Switzerland
Vacheron Constantin,Traditionnelle Manual 38mm,82172/000G-9888,Dress,VC 4400 AS,In-house,Manual,27500,24000,2023,38.0,0.0,7.77,30,Sapphire,95,White Gold,Leather,White Gold,65,Small Seconds,Men,Switzerland
Vacheron Constantin,Fiftysix Automatic,4600E/000A-B442,Dress,VC 1326,In-house,Automatic,14600,12500,2024,40.0,0.0,9.6,30,Sapphire,130,Stainless Steel,Leather,Steel,48,Date,Men,Switzerland
Vacheron Constantin,Overseas Dual Time,7900V/110A-B546,GMT,VC 5110 DT,In-house,Automatic,32000,31000,2024,41.0,0.0,12.8,150,Sapphire,190,Stainless Steel,Bracelet,Steel,60,"GMT, Date, Power Reserve",Men,Switzerland
A. Lange & Söhne,Lange 1,191.032,Luxury,Lange L121.1,In-house,Manual,44000,46000,2024,38.5,0.0,9.8,30,Sapphire,95,White Gold,Leather,White Gold,72,"Date, Power Reserve",Men,Germany
A. Lange & Söhne,Saxonia Thin 39mm,205.086,Dress,Lange L093.1,In-house,Manual,24000,21000,2024,39.0,0.0,6.2,30,Sapphire,75,White Gold,Leather,White Gold,72,None,Men,Germany
A. Lange & Söhne,1815 Chronograph,414.028,Chronograph,Lange L951.5,In-house,Manual,59000,55000,2023,39.5,0.0,11.0,30,Sapphire,110,White Gold,Leather,White Gold,60,Chronograph,Men,Germany
A. Lange & Söhne,Odysseus,363.179,Sport,Lange L155.1,In-house,Automatic,39000,52000,2024,40.5,0.0,11.1,120,Sapphire,185,Stainless Steel,Bracelet,Steel,50,Day-Date,Men,Germany
A. Lange & Söhne,Datograph Up/Down,405.035,Chronograph,Lange L951.6,In-house,Manual,95000,88000,2023,41.0,0.0,13.1,30,Sapphire,120,White Gold,Leather,White Gold,60,"Chronograph, Date, Power Reserve",Men,Germany
A. Lange & Söhne,Zeitwerk,142.025,Luxury,Lange L043.1,In-house,Manual,100000,92000,2023,41.9,0.0,12.6,30,Sapphire,125,White Gold,Leather,White Gold,36,"Jumping Hours, Power Reserve",Men,Germany
Jaeger-LeCoultre,Reverso Classic Medium Thin,Q2548520,Dress,JLC 822/2,In-house,Manual,8050,6200,2024,40.1,0.0,7.56,30,Sapphire,70,Stainless Steel,Leather,Steel,45,None,Unisex,Switzerland
Jaeger-LeCoultre,Reverso Tribute Duoface,Q3988482,Dress,JLC 854A/2,In-house,Manual,13800,11000,2024,45.5,0.0,9.15,30,Sapphire,90,Stainless Steel,Leather,Steel,42,Dual Time,Men,Switzerland
Jaeger-LeCoultre,Master Ultra Thin Moon,Q1368420,Dress,JLC 925/1,In-house,Automatic,13400,10000,2024,39.0,20.0,9.9,50,Sapphire,115,Stainless Steel,Leather,Steel,70,"Moonphase, Date",Men,Switzerland
Jaeger-LeCoultre,Polaris Date,Q9068180,Diver,JLC 899,In-house,Automatic,10300,7800,2024,42.0,21.0,13.92,200,Sapphire,170,Stainless Steel,Bracelet,Inner Rotating,70,Date,Men,Switzerland
Jaeger-LeCoultre,Master Control Date,Q4148120,Dress,JLC 899,In-house,Automatic,8500,6500,2024,40.0,20.0,8.79,50,Sapphire,120,Stainless Steel,Leather,Steel,70,Date,Men,Switzerland
Jaeger-LeCoultre,Polaris Chronograph,Q9028180,Chronograph,JLC 759,In-house,Automatic,13500,10500,2023,42.0,21.0,15.6,100,Sapphire,180,Stainless Steel,Bracelet,Inner Rotating,65,"Chronograph, Date",Men,Switzerland
Jaeger-LeCoultre,Reverso Tribute Monoface Small Seconds,Q3978480,Dress,JLC 822/2,In-house,Manual,9500,7200,2024,45.6,0.0,8.51,30,Sapphire,85,Stainless Steel,Leather,Steel,45,Small Seconds,Men,Switzerland
Richard Mille,RM 011 Flyback Chronograph,RM 011,Chronograph,RMAC1,In-house,Automatic,195000,185000,2023,50.0,0.0,16.15,50,Sapphire,95,Carbon TPT,Rubber,Carbon,55,"Flyback Chronograph, Annual Calendar",Men,Switzerland
Richard Mille,RM 35-03 Automatic,RM 35-03,Sport,RMAL2,In-house,Automatic,230000,210000,2024,49.9,0.0,13.05,50,Sapphire,55,Quartz TPT,Rubber,Quartz TPT,55,Function Selector,Men,Switzerland
Richard Mille,RM 030 Declutchable Rotor,RM 030,Luxury,RMAR2,In-house,Automatic,165000,150000,2023,50.0,0.0,13.95,50,Sapphire,90,Titanium,Rubber,Titanium,55,"Date, Power Reserve",Men,Switzerland
Richard Mille,RM 67-02 Automatic Extra Flat,RM 67-02,Sport,CRMA7,In-house,Automatic,185000,175000,2024,38.7,0.0,7.8,30,Sapphire,32,Carbon TPT,Fabric,Carbon,50,Date,Unisex,Switzerland
Richard Mille,RM 029 Automatic Big Date,RM 029,Luxury,RMAR1,In-house,Automatic,135000,120000,2023,48.0,0.0,13.6,50,Sapphire,85,Titanium,Rubber,Titanium,55,Big Date,Men,Switzerland
Hublot,Big Bang Unico 42mm,441.NX.1170.RX,Chronograph,Hublot Unico HUB1280,In-house,Automatic,22000,15000,2024,42.0,0.0,14.5,100,Sapphire,150,Titanium,Rubber,Titanium,72,"Flyback Chronograph, Date",Men,Switzerland
Hublot,Classic Fusion 42mm,542.NX.1171.RX,Dress,Hublot HUB1112,Sellita-based,Automatic,8200,5500,2024,42.0,0.0,9.95,50,Sapphire,110,Titanium,Rubber,Titanium,42,Date,Men,Switzerland
Hublot,Big Bang Integrated Time Only,456.NX.0170.NX,Sport,Hublot HUB1115,Sellita-based,Automatic,18900,13000,2024,40.0,0.0,9.25,100,Sapphire,140,Titanium,Bracelet,Titanium,42,Date,Men,Switzerland
Hublot,Spirit of Big Bang,641.NX.1170.RX,Chronograph,Hublot HUB4700,Zenith-based,Automatic,23000,16000,2023,42.0,0.0,14.4,100,Sapphire,145,Titanium,Rubber,Titanium,50,"Chronograph, Date",Men,Switzerland
Hublot,Big Bang Unico King Gold,421.OX.1180.RX,Chronograph,Hublot Unico HUB1280,In-house,Automatic,43000,32000,2024,42.0,0.0,14.5,100,Sapphire,185,King Gold,Rubber,King Gold,72,Flyback Chronograph,Men,Switzerland
Blancpain,Fifty Fathoms Automatique 42mm,5015-1130-B52A,Diver,Blancpain 1315,In-house,Automatic,16500,13000,2024,42.0,21.0,15.4,300,Sapphire,160,Stainless Steel,Sail-Canvas,Ceramic,120,Date,Men,Switzerland
Blancpain,Fifty Fathoms Bathyscaphe 38mm,5100-1110-NAOA,Diver,Blancpain 1150,In-house,Automatic,13900,11000,2024,38.0,20.0,11.85,300,Sapphire,120,Stainless Steel,Sail-Canvas,Ceramic,100,Date,Unisex,Switzerland
Blancpain,Bathyscaphe Chronographe Flyback,5200-0130-B52A,Chronograph,Blancpain F385,In-house,Automatic,19800,15500,2023,43.6,22.0,15.2,300,Sapphire,185,Stainless Steel,Sail-Canvas,Ceramic,50,"Flyback Chronograph, Date",Men,Switzerland
Blancpain,Villeret Ultraplate 40mm,6651-1127-55B,Dress,Blancpain 1151,In-house,Automatic,13600,9800,2023,40.0,21.0,10.74,30,Sapphire,120,Stainless Steel,Leather,Steel,100,Date,Men,Switzerland
Blancpain,Bathyscaphe x Swatch Scuba Fifty Fathoms,SO35 Ocean,Diver,Sistem51,In-house,Automatic,400,650,2024,42.3,0.0,14.4,91,Bioceramic Glass,37,Bioceramic,NATO,Bioceramic,90,None,Unisex,Switzerland
Chopard,Alpine Eagle 41mm,298600-3001,Sport,Chopard 01.01-C,In-house,Automatic,13400,10500,2024,41.0,0.0,9.7,100,Sapphire,170,Lucent Steel,Bracelet,Steel,60,Date,Men,Switzerland
Chopard,Alpine Eagle 36mm,298601-3001,Sport,Chopard 09.01-C,In-house,Automatic,12700,9800,2024,36.0,0.0,8.75,100,Sapphire,140,Lucent Steel,Bracelet,Steel,42,Date,Unisex,Switzerland
Chopard,Mille Miglia GTS Chrono,168571-3001,Chronograph,Chopard (ETA-based),ETA,Automatic,6800,4500,2023,44.0,22.0,13.7,100,Sapphire,175,Stainless Steel,Rubber,Tachymeter,60,"Chronograph, Date",Men,Switzerland
Chopard,L.U.C XPS 1860,168592-3001,Dress,Chopard L.U.C 96.50-L,In-house,Automatic,14500,10000,2023,40.0,20.0,7.2,30,Sapphire,95,Stainless Steel,Leather,Steel,65,Small Seconds,Men,Switzerland
Nomos Glashütte,Tangente 38,164,Dress,Nomos Alpha,In-house,Manual,2060,1500,2024,37.5,19.0,6.2,30,Sapphire,55,Stainless Steel,Leather,Steel,43,Small Seconds,Unisex,Germany
Nomos Glashütte,Club Campus 38,737,Field,Nomos Alpha,In-house,Manual,1620,1100,2024,38.5,19.0,8.3,50,Sapphire,60,Stainless Steel,Leather,Steel,43,Small Seconds,Unisex,Germany
Nomos Glashütte,Tangente Neomatik 41 Update,180,Dress,Nomos DUW 6101,In-house,Automatic,3780,2700,2024,40.5,20.0,7.9,30,Sapphire,70,Stainless Steel,Leather,Steel,42,Date,Men,Germany
Nomos Glashütte,Metro Neomatik 39,1101,Dress,Nomos DUW 3001,In-house,Automatic,3600,2500,2023,38.5,19.0,8.55,50,Sapphire,65,Stainless Steel,Leather,Steel,43,Small Seconds,Men,Germany
Nomos Glashütte,Club Sport Neomatik 42,780,Sport,Nomos DUW 3001,In-house,Automatic,3920,2900,2024,42.0,20.0,9.9,100,Sapphire,130,Stainless Steel,Bracelet,Steel,43,Date,Men,Germany
Nomos Glashütte,Orion 38,384,Dress,Nomos Alpha,In-house,Manual,2360,1700,2023,38.0,19.0,8.1,30,Sapphire,55,Stainless Steel,Leather,Steel,43,None,Unisex,Germany
Nomos Glashütte,Ahoi Neomatik,561,Diver,Nomos DUW 3001,In-house,Automatic,4180,3000,2024,40.3,20.0,9.4,200,Sapphire,120,Stainless Steel,Textile,Steel,43,Date,Men,Germany
Sinn,556 I,556.010,Field,Sellita SW200,Sellita,Automatic,1300,950,2024,38.5,20.0,11.0,200,Sapphire,100,Stainless Steel,Leather,Steel,38,Date,Unisex,Germany
Sinn,104 St Sa A,104.010,Pilot,Sellita SW220,Sellita,Automatic,1600,1150,2024,41.0,20.0,11.0,200,Sapphire,110,Stainless Steel,Bracelet,Bidirectional,38,Day-Date,Men,Germany
Sinn,U1,1010.010,Diver,Sellita SW200,Sellita,Automatic,2700,2000,2024,44.0,20.0,14.4,1000,Sapphire,215,Submarine Steel,Bracelet,Unidirectional,38,Date,Men,Germany
Sinn,EZM 3,603.011,Diver,Sellita SW200,Sellita,Automatic,2200,1600,2023,41.0,20.0,12.6,500,Sapphire,90,Stainless Steel,Silicone,Captive,38,Date,Men,Germany
Sinn,356 Flieger Chronograph,356.020,Chronograph,Valjoux 7750,ETA,Automatic,2900,2000,2023,38.5,20.0,15.5,100,Sapphire,120,Stainless Steel,Leather,Steel,48,"Chronograph, Day-Date",Men,Germany
Sinn,T50,1050.010,Diver,Sellita SW300,Sellita,Automatic,3600,2600,2024,41.0,20.0,11.7,1000,Sapphire,115,Titanium,Bracelet,Unidirectional,50,Date,Men,Germany
Christopher Ward,The Twelve 40mm,C60-40ADA1-S0BK0-B,Sport,Sellita SW200,Sellita,Automatic,1095,750,2024,40.0,20.0,9.95,150,Sapphire,140,Stainless Steel,Bracelet,Steel,38,Date,Unisex,UK
Christopher Ward,C60 Trident Pro 300 40mm,C60-40ADA1-S0BK0-LK,Diver,Sellita SW200,Sellita,Automatic,895,600,2024,40.0,20.0,12.95,300,Sapphire,160,Stainless Steel,Bracelet,Ceramic,38,Date,Men,UK
Christopher Ward,C63 Sealander GMT,C63-41ADC2-S00BK0-LK,GMT,Sellita SW330,Sellita,Automatic,1395,950,2024,41.0,20.0,12.4,150,Sapphire,155,Stainless Steel,Bracelet,Aluminum,56,"GMT, Date",Men,UK
Christopher Ward,C65 Trident Diver,C65-41ADO1-S0BK0-LK,Diver,Sellita SW200,Sellita,Automatic,950,650,2024,41.0,20.0,11.65,150,Sapphire,130,Stainless Steel,Leather,Aluminum,38,Date,Men,UK
Christopher Ward,Bel Canto,C73-41ADD1-S0BB0-LK,Dress,Sellita SW200 Module,Sellita,Automatic,3650,2800,2023,41.0,20.0,12.9,30,Sapphire,150,Stainless Steel,Leather,Steel,38,"Chiming, Hours",Men,UK
Christopher Ward,C1 Bel Canto Sandstone,C73-41ADC1-S0RD0-LK,Dress,Sellita SW200 Module,Sellita,Automatic,3750,2900,2024,41.0,20.0,12.9,30,Sapphire,150,Stainless Steel,Leather,Steel,38,Chiming,Men,UK
Christopher Ward,The Twelve Ti 40mm,C60-40ATA1-S0BK0-TI,Sport,Sellita SW200,Sellita,Automatic,1295,900,2024,40.0,20.0,9.6,150,Sapphire,95,Titanium,Bracelet,Titanium,38,Date,Unisex,UK
Baltic,Aquascaphe Classic,Aquascaphe-Black,Diver,Miyota 9039,Miyota,Automatic,690,500,2024,39.0,20.0,12.0,200,Sapphire,130,Stainless Steel,Tropic,Aluminum,42,None,Unisex,France
Baltic,Aquascaphe GMT,Aquascaphe-GMT-Blue,GMT,Soprod C125,Soprod,Automatic,1150,850,2024,39.0,20.0,12.7,200,Sapphire,135,Stainless Steel,Bracelet,Aluminum,42,GMT,Men,France
Baltic,Aquascaphe Dual-Crown,Aquascaphe-DC-Cream,Diver,Miyota 9039,Miyota,Automatic,750,550,2024,39.0,20.0,12.5,200,Sapphire,125,Stainless Steel,Tropic,Inner Rotating,42,None,Unisex,France
Baltic,MR01,MR01-Salmon,Dress,Peseux 7001 (La Joux-Perret),La Joux-Perret,Manual,640,480,2024,36.0,18.0,8.0,30,Sapphire,65,Stainless Steel,Leather,Steel,40,Off-center Seconds,Unisex,France
Baltic,Bicompax 002,Bicompax-002-Panda,Chronograph,Seagull ST1901,Seagull,Manual,560,400,2024,38.0,20.0,12.6,30,Sapphire,110,Stainless Steel,Leather,Tachymeter,40,Chronograph,Unisex,France
Baltic,Hermétique,Hermetique-Black,Field,Miyota 8315,Miyota,Automatic,520,380,2024,37.0,20.0,11.6,100,Sapphire,95,Stainless Steel,Leather,Steel,60,None,Unisex,France
Studio Underd0g,Watermel0n Chronograph,02Series-Watermelon,Chronograph,Seagull ST1901,Seagull,Manual,895,1100,2024,38.5,20.0,13.6,30,Sapphire,105,Stainless Steel,Leather,Steel,40,Chronograph,Unisex,UK
Studio Underd0g,Series 01 Chronograph 'Goldfinger',01Series-Goldfinger,Chronograph,Seagull ST1901,Seagull,Manual,845,950,2023,38.5,20.0,13.6,30,Sapphire,105,Stainless Steel,Leather,Steel,40,Chronograph,Unisex,UK
Studio Underd0g,Field Watch Mint Sauce,Field-MintSauce,Field,Miyota 9039,Miyota,Automatic,495,450,2024,38.0,20.0,11.5,100,Sapphire,90,Stainless Steel,Leather,Steel,42,None,Unisex,UK
Furlan Marri,Mr. Grey Mecaquartz,MM01-Grey,Chronograph,Seiko Mecaquartz,Seiko,Quartz,450,650,2023,38.0,20.0,11.4,30,Sapphire,90,Stainless Steel,Leather,Steel,0,Chronograph,Unisex,Switzerland
Furlan Marri,Disco Volante Salmon,DV-Salmon,Dress,La Joux-Perret G100,La Joux-Perret,Automatic,1850,1500,2024,38.0,19.0,9.5,30,Sapphire,75,Stainless Steel,Leather,Steel,68,Sector Dial,Unisex,Switzerland
Lorier,Neptune Series V,Neptune-V-Black,Diver,Miyota 9039,Miyota,Automatic,499,420,2024,39.0,20.0,12.0,200,Acrylic,120,Stainless Steel,Bracelet,Aluminum,42,None,Unisex,USA
Lorier,Falcon Series IV,Falcon-IV-Silver,Sport,Miyota 90S5,Miyota,Automatic,499,420,2024,36.0,18.0,11.5,100,Acrylic,95,Stainless Steel,Bracelet,Steel,42,None,Unisex,USA
Nodus,Sector Dive,SectorDive-Black,Diver,Seiko NH35 (Regulated),Seiko,Automatic,475,380,2024,40.0,20.0,11.6,200,Sapphire,130,Stainless Steel,Bracelet,Aluminum,41,Date,Unisex,USA
Nodus,Avalon II,Avalon-II-Steel,Diver,Seiko NH35 (Regulated),Seiko,Automatic,450,360,2023,38.0,20.0,12.2,300,Sapphire,140,Stainless Steel,Bracelet,Ceramic,41,Date,Unisex,USA
Monta,Oceanking,Oceanking-Black,Diver,Sellita SW300,Sellita,Automatic,1850,1400,2024,40.7,20.0,12.2,300,Sapphire,150,Stainless Steel,Bracelet,Ceramic,56,Date,Men,USA
Monta,Noble,Noble-Silver,Dress,Sellita SW300,Sellita,Automatic,1690,1250,2023,38.5,20.0,9.95,150,Sapphire,120,Stainless Steel,Bracelet,Steel,56,Date,Unisex,USA
Farer,Aqua Compressor Hopewell,Aqua-Hopewell,Diver,Sellita SW200,Sellita,Automatic,1295,950,2024,39.5,20.0,13.6,300,Sapphire,140,Stainless Steel,Bracelet,Inner Rotating,38,Date,Unisex,UK
Farer,Lander III,Lander-III,Sport,Sellita SW200,Sellita,Automatic,1095,800,2023,39.5,20.0,11.2,100,Sapphire,115,Stainless Steel,Leather,Steel,38,Date,Unisex,UK
Doxa,SUB 300T Professional,840.10.351.10,Diver,Sellita SW200,Sellita,Automatic,1990,1500,2024,42.5,20.0,13.4,1200,Sapphire,165,Stainless Steel,Bracelet,Unidirectional,38,Date,Men,Switzerland
Doxa,SUB 200 Sharkhunter,799.10.101.10,Diver,Sellita SW200,Sellita,Automatic,1090,800,2024,42.0,20.0,13.4,200,Sapphire,150,Stainless Steel,Bracelet,Unidirectional,38,Date,Men,Switzerland
Nivada Grenchen,Antarctic 35mm,30001M04,Field,Soprod Newton,Soprod,Automatic,1175,850,2024,35.0,18.0,10.8,200,Plexiglass,90,Stainless Steel,Bracelet,Steel,44,None,Unisex,Switzerland
Nivada Grenchen,Chronomaster Aviator Sea Diver,86007M01,Chronograph,Seiko Mecaquartz,Seiko,Quartz,1090,800,2023,38.3,20.0,13.4,100,Plexiglass,110,Stainless Steel,Bracelet,Tachymeter,0,Chronograph,Unisex,Switzerland
Halios,Seaforth IV,Seaforth-IV-Blue,Diver,Sellita SW200,Sellita,Automatic,825,1100,2024,40.5,20.0,12.6,200,Sapphire,130,Stainless Steel,Bracelet,Steel,38,Date,Unisex,Canada
Unimatic,Modello Uno U1,U1S-MV,Diver,Seiko NH35,Seiko,Automatic,595,450,2024,40.0,20.0,12.9,300,Sapphire,130,Stainless Steel,Bracelet,Unidirectional,41,None,Unisex,Italy
Traska,Freediver,Freediver-Sand,Diver,Miyota 9039,Miyota,Automatic,595,450,2024,40.0,20.0,12.4,200,Sapphire,135,Stainless Steel,Bracelet,Aluminum,42,None,Unisex,USA
Zelos,Swordfish 40mm,Swordfish-Bronze,Diver,Seiko NH35,Seiko,Automatic,549,400,2024,40.0,20.0,13.2,500,Sapphire,160,Bronze,Bracelet,Ceramic,41,Date,Unisex,Singapore
Rado,Captain Cook 42mm,R32505207,Diver,Rado R763 (Powermatic 80),ETA-based,Automatic,2400,1600,2024,42.0,22.0,12.1,300,Sapphire,170,Stainless Steel,Bracelet,Ceramic,80,Date,Men,Switzerland
Rado,Captain Cook 39mm,R32500207,Diver,Rado R734,ETA-based,Automatic,2200,1500,2024,39.0,20.0,11.7,200,Sapphire,150,Stainless Steel,Bracelet,Ceramic,80,Date,Unisex,Switzerland
Rado,True Square Automatic,R27077152,Dress,Rado R766,ETA-based,Automatic,2150,1400,2023,38.0,0.0,9.5,50,Sapphire,90,Ceramic,Ceramic,Ceramic,80,Date,Unisex,Switzerland
Rado,DiaStar Original,R12413153,Dress,Rado R764,ETA-based,Automatic,1850,1100,2024,38.0,0.0,12.0,100,Sapphire,130,Hardmetal,Bracelet,Tungsten,80,Date,Men,Switzerland
Mido,Ocean Star 200C,M042.430.11.041.00,Diver,Mido 80 (Powermatic),ETA-based,Automatic,1190,800,2024,42.5,21.0,12.95,200,Sapphire,165,Stainless Steel,Bracelet,Ceramic,80,Date,Men,Switzerland
Mido,Multifort Patrimony,M040.407.16.060.00,Dress,Mido 80,ETA-based,Automatic,990,650,2024,40.0,20.0,9.85,50,Sapphire,110,Stainless Steel,Leather,Steel,80,Date,Men,Switzerland
Mido,Commander Big Date,M021.626.11.041.00,Dress,Mido 80 Big Date,ETA-based,Automatic,1290,850,2023,42.0,21.0,11.2,50,Sapphire,140,Stainless Steel,Bracelet,Steel,80,Big Date,Men,Switzerland
Frederique Constant,Classic Worldtimer Manufacture,FC-718NWPH4H6B,GMT,FC-718,In-house,Automatic,4195,2800,2024,42.0,21.0,11.9,50,Sapphire,150,Stainless Steel,Leather,Steel,38,"World Time, Date",Men,Switzerland
Frederique Constant,Slimline Moonphase,FC-705S4S6,Dress,FC-705,In-house,Automatic,2295,1500,2024,42.0,21.0,11.0,30,Sapphire,120,Stainless Steel,Leather,Steel,42,"Moonphase, Date",Men,Switzerland
Frederique Constant,Highlife Automatic COSC,FC-303B3NH6B,Sport,FC-303,In-house,Automatic,2795,1900,2023,41.0,0.0,11.4,100,Sapphire,160,Stainless Steel,Bracelet,Steel,38,Date,Men,Switzerland
Raymond Weil,Freelancer Automatic,2731-ST-65001,Dress,Sellita SW200,Sellita,Automatic,1795,1100,2024,42.5,21.0,11.5,50,Sapphire,145,Stainless Steel,Bracelet,Steel,38,Date,Men,Switzerland
Raymond Weil,Millesime Automatic Small Seconds,2930-STC-65001,Dress,Sellita SW261,Sellita,Automatic,2150,1400,2024,39.5,19.0,10.9,50,Sapphire,110,Stainless Steel,Leather,Steel,62,Small Seconds,Men,Switzerland
Maurice Lacroix,Aikon Automatic 42mm,AI6008-SS002-430-1,Sport,ML115 (Sellita),Sellita,Automatic,2390,1500,2024,42.0,0.0,11.0,200,Sapphire,170,Stainless Steel,Bracelet,Steel,38,Date,Men,Switzerland
Maurice Lacroix,Aikon Quartz 40mm,AI1108-SS002-130-1,Sport,Ronda,Ronda,Quartz,1090,650,2024,40.0,0.0,9.9,100,Sapphire,150,Stainless Steel,Bracelet,Steel,0,Date,Unisex,Switzerland
Junghans,Max Bill Automatic,027/4700.04,Dress,Junghans J800 (ETA),ETA,Automatic,1190,800,2024,38.0,20.0,10.0,30,Plexiglass,60,Stainless Steel,Leather,Steel,38,None,Unisex,Germany
Junghans,Meister Chronoscope,027/4824.02,Chronograph,Junghans J880 (Valjoux),ETA,Automatic,2790,1900,2023,40.7,20.0,14.4,30,Sapphire,120,Stainless Steel,Leather,Steel,48,"Chronograph, Date",Men,Germany
Bell & Ross,BR 03 Black Steel,BR03A-BL-ST/SST,Pilot,Sellita SW300,Sellita,Automatic,4100,2900,2024,41.0,24.0,9.95,100,Sapphire,110,Stainless Steel,Rubber,Steel,54,Date,Men,Switzerland
Bell & Ross,BR V2-92,BRV292-BL-ST/SCA,Pilot,Sellita SW300,Sellita,Automatic,3600,2400,2023,41.0,22.0,11.0,100,Sapphire,150,Stainless Steel,Leather,Steel,54,Date,Men,Switzerland
Montblanc,1858 Automatic Date,129133,Field,Sellita SW200,Sellita,Automatic,2950,1900,2024,40.0,20.0,12.0,100,Sapphire,140,Stainless Steel,Leather,Steel,38,Date,Men,Switzerland
Montblanc,Heritage Automatic,119943,Dress,Sellita SW200,Sellita,Automatic,2630,1700,2023,39.0,19.0,9.8,50,Sapphire,110,Stainless Steel,Leather,Steel,38,Date,Men,Switzerland
Glashütte Original,SeaQ 39.5mm,1-39-11-09-81-70,Diver,GO 39-11,In-house,Automatic,10700,8000,2024,39.5,20.0,12.45,200,Sapphire,150,Stainless Steel,Bracelet,Steel,40,Date,Men,Germany
Glashütte Original,Senator Excellence,1-36-01-01-02-30,Dress,GO 36,In-house,Automatic,8500,6000,2023,40.0,20.0,9.9,50,Sapphire,120,Stainless Steel,Leather,Steel,100,Date,Men,Germany
Bremont,Supermarine 300M,S300-WH-B,Diver,Bremont BE-92AV (Sellita),Sellita,Automatic,4195,2900,2024,40.0,20.0,12.0,300,Sapphire,165,Stainless Steel,Bracelet,Ceramic,38,Date,Men,UK
Bremont,MBII,MBII-WH,Pilot,Bremont BE-36AE (Sellita),Sellita,Automatic,4995,3400,2023,43.0,22.0,16.4,100,Sapphire,175,Stainless Steel,Leather,Inner Rotating,42,Date,Men,UK
Squale,1521 Classic,1521-026,Diver,Sellita SW200,Sellita,Automatic,1090,750,2024,42.0,20.0,13.7,500,Sapphire,150,Stainless Steel,Mesh,Unidirectional,38,Date,Men,Switzerland
Tudor,Glamour Double Date,57100,Dress,Tudor 2836,ETA-based,Automatic,2950,2000,2023,42.0,20.0,12.0,100,Sapphire,160,Stainless Steel,Bracelet,Steel,38,Day-Date,Men,Switzerland
Swatch,MoonSwatch Mission to the Moon,SO33M100,Chronograph,ETA G10.212,ETA,Quartz,270,400,2024,42.0,0.0,13.75,30,Bioceramic Glass,48,Bioceramic,Velcro,Bioceramic,0,"Chronograph, Date",Unisex,Switzerland
Swatch,MoonSwatch Mission to Mars,SO33A100,Chronograph,ETA G10.212,ETA,Quartz,270,380,2024,42.0,0.0,13.75,30,Bioceramic Glass,48,Bioceramic,Velcro,Bioceramic,0,"Chronograph, Date",Unisex,Switzerland
Swatch,MoonSwatch Mission to Mercury,SO33A102,Chronograph,ETA G10.212,ETA,Quartz,270,360,2024,42.0,0.0,13.75,30,Bioceramic Glass,48,Bioceramic,Velcro,Bioceramic,0,"Chronograph, Date",Unisex,Switzerland
Swatch,Sistem51,SUTB400,Sport,Swatch Sistem51,In-house,Automatic,165,110,2024,42.0,0.0,13.7,30,Plexiglass,60,Plastic,Silicone,Plastic,90,Date,Unisex,Switzerland
Swatch,Big Bold Chrono,SB02B400,Chronograph,ETA Quartz,ETA,Quartz,140,80,2024,47.0,0.0,15.4,30,Plexiglass,55,Plastic,Silicone,Plastic,0,"Chronograph, Date",Unisex,Switzerland
Swatch,Originals Gent,GB743,Dress,Swatch Quartz,In-house,Quartz,70,40,2024,34.0,0.0,9.6,30,Plexiglass,25,Plastic,Plastic,Plastic,0,None,Unisex,Switzerland
Bulova,Lunar Pilot Chronograph,96B251,Chronograph,Bulova Precisionist,Miyota-based,Quartz,695,420,2024,43.5,20.0,13.5,50,Sapphire,130,Stainless Steel,Bracelet,Tachymeter,0,Chronograph,Men,USA
Bulova,Computron,98C139,Digital,Bulova Quartz,Miyota,Quartz,450,280,2023,40.5,0.0,13.0,30,Mineral,90,Stainless Steel,Bracelet,Steel,0,Digital,Unisex,USA
Bulova,Oceanographer Devil Diver,98B320,Diver,Miyota 8 Series,Miyota,Automatic,795,500,2024,41.0,20.0,13.4,200,Sapphire,160,Stainless Steel,Bracelet,Unidirectional,42,Date,Men,USA
Bulova,Marine Star Chronograph,98B104,Chronograph,Bulova Quartz,Miyota,Quartz,395,200,2024,44.0,22.0,12.5,100,Mineral,165,Stainless Steel,Bracelet,Steel,0,"Chronograph, Date",Men,USA
Victorinox,I.N.O.X. Professional Diver,241733,Diver,Ronda,Ronda,Quartz,625,380,2024,45.0,22.0,14.0,200,Sapphire,165,Stainless Steel,Rubber,Unidirectional,0,Date,Men,Switzerland
Victorinox,Maverick Chronograph,241695,Chronograph,Ronda,Ronda,Quartz,595,350,2023,43.0,22.0,12.0,100,Sapphire,160,Stainless Steel,Bracelet,Steel,0,"Chronograph, Date",Men,Switzerland
Shinola,Runwell 41mm,S0120065287,Dress,Argonite 1069 (Ronda),Ronda,Quartz,595,300,2024,41.0,20.0,11.0,50,Sapphire,110,Stainless Steel,Leather,Steel,0,Date,Unisex,USA
Shinola,Detrola,S0120161949,Sport,Argonite (Ronda),Ronda,Quartz,325,180,2023,43.0,20.0,11.5,30,Mineral,75,Plastic,Silicone,Plastic,0,None,Unisex,USA
Daniel Wellington,Classic Petite Melrose 28mm,DW00100165,Dress,Miyota Quartz,Miyota,Quartz,149,70,2024,28.0,12.0,6.0,30,Mineral,30,Stainless Steel,Mesh,Steel,0,None,Women,Sweden
Daniel Wellington,Iconic Link 40mm,DW00100341,Dress,Miyota Quartz,Miyota,Quartz,249,120,2024,40.0,20.0,6.0,30,Mineral,90,Stainless Steel,Bracelet,Steel,0,None,Unisex,Sweden
MVMT,Classic II 40mm,D-MC02-SBL,Dress,Miyota Quartz,Miyota,Quartz,128,60,2024,40.0,20.0,7.0,30,Mineral,60,Stainless Steel,Leather,Steel,0,None,Unisex,USA
Fossil,Machine Chronograph,FS4656,Chronograph,Quartz,Japan,Quartz,139,60,2024,45.0,22.0,12.0,50,Mineral,165,Stainless Steel,Bracelet,Steel,0,"Chronograph, Date",Men,USA
Fossil,Defender Solar,FS5975,Sport,Fossil Solar,Japan,Solar,179,90,2024,46.0,22.0,12.0,100,Mineral,95,Stainless Steel,Nylon,Steel,0,Date,Men,USA
Skagen,Holst Chronograph,SKW6534,Chronograph,Quartz,Japan,Quartz,165,70,2023,40.0,20.0,9.0,30,Mineral,60,Stainless Steel,Mesh,Steel,0,Chronograph,Unisex,Denmark
Nixon,51-30 Chrono,A083-008-00,Chronograph,Quartz,Japan,Quartz,450,250,2024,51.0,25.0,15.0,300,Mineral,230,Stainless Steel,Bracelet,Unidirectional,0,"Chronograph, Date",Men,USA
Nixon,Time Teller,A045-000-00,Sport,Quartz,Japan,Quartz,125,60,2024,37.0,18.0,8.0,100,Mineral,90,Stainless Steel,Bracelet,Steel,0,None,Unisex,USA
Invicta,Pro Diver 8926OB,8926OB,Diver,Seiko NH35,Seiko,Automatic,110,55,2024,40.0,20.0,13.0,200,Mineral,170,Stainless Steel,Bracelet,Unidirectional,41,Date,Men,Switzerland
Apple,Watch Series 10 46mm,A2997,Smartwatch,Apple S10 SiP,In-house,Quartz,429,330,2024,46.0,0.0,9.7,50,Ion-X,37,Aluminum,Sport Band,Aluminum,18,"GPS, ECG, Health",Unisex,USA
Apple,Watch Series 10 42mm,A2996,Smartwatch,Apple S10 SiP,In-house,Quartz,399,300,2024,42.0,0.0,9.7,50,Ion-X,30,Aluminum,Sport Band,Aluminum,18,"GPS, ECG, Health",Unisex,USA
Apple,Watch Ultra 2,A2986,Smartwatch,Apple S9 SiP,In-house,Quartz,799,650,2024,49.0,0.0,14.4,100,Sapphire,61,Titanium,Alpine Loop,Titanium,36,"GPS, Dive, ECG",Unisex,USA
Apple,Watch SE 2nd Gen 44mm,A2723,Smartwatch,Apple S8 SiP,In-house,Quartz,279,200,2024,44.0,0.0,10.7,50,Ion-X,33,Aluminum,Sport Band,Aluminum,18,"GPS, Health",Unisex,USA
Samsung,Galaxy Watch 7 44mm,SM-L310,Smartwatch,Exynos W1000,In-house,Quartz,329,230,2024,44.0,0.0,9.7,50,Sapphire,34,Aluminum,Sport Band,Aluminum,30,"GPS, ECG, Health",Unisex,South Korea
Samsung,Galaxy Watch Ultra,SM-L705,Smartwatch,Exynos W1000,In-house,Quartz,649,480,2024,47.0,0.0,12.1,100,Sapphire,61,Titanium,Band,Titanium,60,"GPS, Dive, Health",Unisex,South Korea
Google,Pixel Watch 3 45mm,GA05675,Smartwatch,Snapdragon W5,Qualcomm,Quartz,399,290,2024,45.0,0.0,12.3,50,Gorilla Glass,37,Aluminum,Active Band,Aluminum,36,"GPS, ECG, Health",Unisex,USA
Garmin,Fenix 8 47mm AMOLED,010-02904,Smartwatch,Garmin,In-house,Solar,1099,850,2024,47.0,22.0,14.7,100,Sapphire,73,Titanium,Silicone,Titanium,384,"GPS, Maps, Health",Unisex,USA
Garmin,Forerunner 965,010-02809,Smartwatch,Garmin,In-house,Quartz,599,420,2024,47.2,22.0,13.2,50,Gorilla Glass,53,Titanium Bezel,Silicone,Titanium,552,"GPS, Maps, Health",Unisex,USA
Garmin,Instinct 2,010-02626,Smartwatch,Garmin,In-house,Solar,349,250,2024,45.0,22.0,14.5,100,Mineral,52,Fiber Polymer,Silicone,Fiber,672,"GPS, Health",Unisex,USA
Garmin,Marq Gen 2 Athlete,010-02648,Smartwatch,Garmin,In-house,Quartz,2099,1500,2023,46.0,22.0,13.7,100,Sapphire,87,Titanium,Rubber,Titanium,384,"GPS, Maps, Health",Unisex,USA
Suunto,Vertical Titanium Solar,SS050866000,Smartwatch,Suunto,In-house,Solar,839,600,2024,49.0,22.0,13.6,100,Sapphire,74,Titanium,Silicone,Titanium,1440,"GPS, Maps, Altimeter",Unisex,Finland
Amazfit,T-Rex 3,A2526,Smartwatch,Zepp OS,In-house,Quartz,280,180,2024,48.5,22.0,13.7,100,Gorilla Glass,68,Polymer,Silicone,Stainless Steel,648,"GPS, Health",Unisex,China
Withings,ScanWatch 2 42mm,HWA10,Smartwatch,Withings Hybrid,In-house,Quartz,350,250,2024,42.0,20.0,13.7,50,Sapphire,53,Stainless Steel,Fluoroelastomer,Steel,720,"ECG, Health, Hybrid",Unisex,France
Coros,Pace 3,WPACE3,Smartwatch,Coros,In-house,Quartz,229,160,2024,41.9,20.0,11.7,50,Mineral,30,Polymer,Nylon,Polymer,408,"GPS, Health",Unisex,USA
Rolex,Datejust 41 Blue Oyster,126300,Luxury,Cal. 3235,In-house,Automatic,9900,11500,2024,41.0,21.0,11.9,100,Sapphire,148,Stainless Steel,Oyster,Smooth Steel,70,Date,Men,Switzerland
Rolex,Datejust 36 Silver Fluted,126234,Luxury,Cal. 3235,In-house,Automatic,9050,11000,2024,36.0,20.0,11.6,100,Sapphire,128,Stainless Steel/WG,Jubilee,Fluted White Gold,70,Date,Unisex,Switzerland
Rolex,Oyster Perpetual 28 Pink,276200,Luxury,Cal. 2232,In-house,Automatic,5550,7000,2024,28.0,0.0,9.5,100,Sapphire,95,Stainless Steel,Oyster,Smooth Steel,55,None,Women,Switzerland
Rolex,Submariner Date Bluesy,126613LB,Luxury,Cal. 3235,In-house,Automatic,16550,18500,2024,41.0,21.0,12.5,300,Sapphire,165,Steel/Yellow Gold,Oyster,Blue Ceramic,70,Date,Men,Switzerland
Rolex,Submariner Date Full Gold,126618LB,Luxury,Cal. 3235,In-house,Automatic,42700,40000,2024,41.0,21.0,12.5,300,Sapphire,215,18k Yellow Gold,Oyster,Blue Ceramic,70,Date,Men,Switzerland
Rolex,GMT-Master II Root Beer,126711CHNR,Luxury,Cal. 3285,In-house,Automatic,16550,19000,2024,40.0,20.0,12.0,100,Sapphire,160,Steel/Everose,Oyster,Brown/Black Ceramic,70,"GMT, Date",Men,Switzerland
Rolex,GMT-Master II Pepsi WG,126719BLRO,Luxury,Cal. 3285,In-house,Automatic,43400,42000,2024,40.0,20.0,12.0,100,Sapphire,205,18k White Gold,Oyster,Blue/Red Ceramic,70,"GMT, Date",Men,Switzerland
Rolex,Daytona Le Mans,126529LN,Luxury,Cal. 4132,In-house,Automatic,55400,160000,2024,40.0,20.0,12.4,100,Sapphire,150,18k White Gold,Oyster,Black Ceramic,72,Chronograph,Men,Switzerland
Rolex,Day-Date 36 Olive Green,128238,Luxury,Cal. 3255,In-house,Automatic,39550,42000,2024,36.0,20.0,11.8,100,Sapphire,165,18k Yellow Gold,President,Fluted Gold,70,"Day, Date",Men,Switzerland
Rolex,Day-Date 40 Ice Blue Plat,228206,Luxury,Cal. 3255,In-house,Automatic,62300,68000,2024,40.0,21.0,12.1,100,Sapphire,205,950 Platinum,President,Smooth Platinum,70,"Day, Date",Men,Switzerland
Rolex,Yacht-Master 40 Rhodium,126622,Luxury,Cal. 3235,In-house,Automatic,13250,14500,2024,40.0,20.0,11.9,100,Sapphire,165,Steel/Platinum,Oyster,Platinum,70,Date,Men,Switzerland
Rolex,Yacht-Master 37 Everose,268655,Luxury,Cal. 2236,In-house,Automatic,27800,26000,2024,37.0,20.0,11.0,100,Sapphire,125,18k Everose Gold,Oysterflex,Ceramic,55,Date,Unisex,Switzerland
Rolex,Sky-Dweller Steel/YG Champagne,326933,Luxury,Cal. 9001,In-house,Automatic,17350,19500,2024,42.0,21.0,14.1,100,Sapphire,180,Steel/Yellow Gold,Oyster,Fluted Gold,72,"GMT, Annual Calendar",Men,Switzerland
Rolex,Explorer 40,224270,Luxury,Cal. 3230,In-house,Automatic,7700,9000,2024,40.0,20.0,11.6,100,Sapphire,150,Stainless Steel,Oyster,Smooth Steel,70,None,Men,Switzerland
Rolex,Explorer 36 Two-Tone,124273,Luxury,Cal. 3230,In-house,Automatic,11400,12500,2024,36.0,20.0,11.6,100,Sapphire,135,Steel/Yellow Gold,Oyster,Smooth Gold,70,None,Unisex,Switzerland
Rolex,Milgauss Z-Blue,116400GV,Luxury,Cal. 3131,In-house,Automatic,9800,11500,2023,40.0,20.0,13.0,100,Sapphire,155,Stainless Steel,Oyster,Smooth Steel,48,Antimagnetic,Men,Switzerland
Omega,Seamaster Diver 300M Black,210.30.42.20.01.001,Diver,Cal. 8800,In-house,Automatic,5600,4100,2024,42.0,20.0,13.5,300,Sapphire,195,Stainless Steel,Bracelet,Ceramic,55,Date,Men,Switzerland
Omega,Seamaster Diver 300M Green Bezel,210.30.42.20.10.001,Diver,Cal. 8800,In-house,Automatic,6100,5200,2024,42.0,20.0,13.5,300,Sapphire,196,Stainless Steel,Bracelet,Ceramic,55,Date,Men,Switzerland
Omega,Seamaster Aqua Terra Silver,220.10.38.20.02.001,Dress,Cal. 8800,In-house,Automatic,5400,3900,2024,38.0,19.0,12.9,150,Sapphire,150,Stainless Steel,Bracelet,Steel,55,Date,Unisex,Switzerland
Omega,Speedmaster Moonwatch Canopus,310.60.42.50.02.001,Chronograph,Cal. 3861,In-house,Manual,37800,34000,2024,42.0,20.0,13.2,50,Sapphire,170,18k White Gold,Bracelet,Ceramic,50,Chronograph,Men,Switzerland
Omega,Speedmaster Racing,329.30.44.51.01.002,Chronograph,Cal. 9900,In-house,Automatic,8200,6200,2024,44.25,21.0,16.1,100,Sapphire,195,Stainless Steel,Bracelet,Steel,60,"Chronograph, Date",Men,Switzerland
Omega,Speedmaster Reduced Vintage,3510.50,Chronograph,Cal. 3220,Piguet 1185,Automatic,2800,2400,2005,39.0,18.0,14.0,30,Hesalite,140,Stainless Steel,Bracelet,Steel,44,"Chronograph, Date",Men,Switzerland
Omega,Constellation 41 Two-Tone,131.20.41.21.06.001,Dress,Cal. 8900,In-house,Automatic,7700,5500,2024,41.0,0.0,12.2,100,Sapphire,175,Steel/Sedna Gold,Bracelet,Gold,60,Date,Men,Switzerland
Omega,De Ville Prestige 40,434.13.40.20.02.001,Dress,Cal. 2500,In-house,Automatic,3400,2400,2022,39.5,19.0,11.0,30,Sapphire,120,Stainless Steel,Leather,Steel,48,Date,Men,Switzerland
Omega,Speedmaster Moonphase Blue,304.33.44.52.03.001,Chronograph,Cal. 9904,In-house,Automatic,11900,9000,2024,44.25,21.0,16.9,100,Sapphire,200,Stainless Steel,Leather,Steel,60,"Chronograph, Moonphase",Men,Switzerland
Seiko,5 Sports SRPD55 Black,SRPD55K1,Sport,Cal. 4R36,In-house,Automatic,295,180,2023,42.5,22.0,13.4,100,Hardlex,80,Stainless Steel,Bracelet,Steel,41,"Day, Date",Men,Japan
Seiko,5 Sports SRPD63 Navy/Gold,SRPD63K1,Sport,Cal. 4R36,In-house,Automatic,295,185,2023,42.5,22.0,13.4,100,Hardlex,80,Stainless Steel,Bracelet,Steel,41,"Day, Date",Men,Japan
Seiko,5 Sports SRPD65 Blue,SRPD65K4,Sport,Cal. 4R36,In-house,Automatic,295,190,2023,42.5,22.0,13.4,100,Hardlex,80,Stainless Steel,Rubber,Steel,41,"Day, Date",Men,Japan
Seiko,5 Sports SRPK91 Field,SRPK91K1,Field,Cal. 4R36,In-house,Automatic,325,210,2023,39.4,20.0,11.7,100,Hardlex,70,Stainless Steel,Nylon,Steel,41,"Day, Date",Unisex,Japan
Seiko,5 Sports GMT SSK003,SSK003K1,GMT,Cal. 4R34,In-house,Automatic,475,360,2023,42.5,22.0,13.6,100,Hardlex,82,Stainless Steel,Bracelet,Steel,41,"GMT, Date",Men,Japan
Seiko,5 Sports GMT SSK001 Pepsi,SSK001K1,GMT,Cal. 4R34,In-house,Automatic,475,370,2023,42.5,22.0,13.6,100,Hardlex,82,Stainless Steel,Bracelet,Blue/Red,41,"GMT, Date",Men,Japan
Seiko,Prospex Turtle Blue,SRPC25K1,Diver,Cal. 4R36,In-house,Automatic,525,330,2023,45.0,22.0,13.2,200,Hardlex,195,Stainless Steel,Bracelet,Steel,41,"Day, Date",Men,Japan
Seiko,Prospex Save the Ocean Turtle,SRPF77K1,Diver,Cal. 4R36,In-house,Automatic,550,360,2023,45.0,22.0,13.2,200,Hardlex,195,Stainless Steel,Silicone,Steel,41,"Day, Date",Men,Japan
Seiko,Prospex Samurai Blue Lagoon,SRPB09,Diver,Cal. 4R35,In-house,Automatic,525,420,2022,43.8,22.0,13.2,200,Hardlex,180,Stainless Steel,Bracelet,Steel,41,Date,Men,Japan
Seiko,Prospex King Samurai,SRPE33K1,Diver,Cal. 4R35,In-house,Automatic,575,380,2023,43.8,22.0,13.2,200,Sapphire,185,Stainless Steel,Bracelet,Steel,41,Date,Men,Japan
Seiko,Prospex Monster Black,SRPD79K1,Diver,Cal. 4R36,In-house,Automatic,525,360,2023,42.4,20.0,13.0,200,Hardlex,165,Stainless Steel,Bracelet,Steel,41,"Day, Date",Men,Japan
Seiko,Prospex Tuna Solar,SNE575P1,Diver,Cal. V147,In-house,Solar,625,440,2023,46.7,22.0,14.7,200,Hardlex,125,Stainless Steel,Silicone,Steel,0,Date,Men,Japan
Seiko,Prospex Speedtimer Panda,SSC813P1,Chronograph,Cal. V192,In-house,Solar,695,520,2023,39.0,20.0,13.3,100,Sapphire,145,Stainless Steel,Bracelet,Steel,0,"Chronograph, Date",Men,Japan
Seiko,Presage Cocktail Blue Skydiving,SRPB43J1,Dress,Cal. 4R35,In-house,Automatic,425,300,2022,40.5,20.0,11.8,50,Hardlex,125,Stainless Steel,Bracelet,Steel,41,Date,Men,Japan
Seiko,Presage Cocktail Margarita,SRPE47J1,Dress,Cal. 4R35,In-house,Automatic,450,320,2023,40.5,20.0,12.4,50,Sapphire,130,Stainless Steel,Bracelet,Steel,41,Date,Men,Japan
Seiko,Presage Sharp Edged Green,SPB169J1,Dress,Cal. 6R35,In-house,Automatic,1100,720,2023,39.3,20.0,11.8,100,Sapphire,135,Stainless Steel,Bracelet,Steel,70,Date,Men,Japan
Seiko,Presage Arita Porcelain,SPB267J1,Dress,Cal. 6R51,In-house,Automatic,2400,1700,2023,40.6,20.0,12.8,50,Sapphire,120,Stainless Steel,Leather,Steel,72,"Date, Power Reserve",Men,Japan
Seiko,Prospex Alpinist Green SARB017 reissue,SPB121J1,Field,Cal. 6R35,In-house,Automatic,725,560,2023,39.5,20.0,13.2,200,Sapphire,145,Stainless Steel,Bracelet,Steel,70,Date,Men,Japan
Seiko,Prospex 1959 Alpinist Mountain Glacier,SPB411J1,Field,Cal. 6R35,In-house,Automatic,900,720,2024,38.0,20.0,12.9,200,Sapphire,140,Stainless Steel,Bracelet,Steel,70,Date,Unisex,Japan
Seiko,Prospex SPB143 62MAS,SPB143J1,Diver,Cal. 6R35,In-house,Automatic,1200,820,2023,40.5,20.0,12.3,200,Sapphire,155,Stainless Steel,Bracelet,Steel,70,Date,Men,Japan
Seiko,Prospex SPB149 62MAS Blue,SPB149J1,Diver,Cal. 6R35,In-house,Automatic,1250,900,2023,40.5,20.0,12.3,200,Sapphire,155,Stainless Steel,Bracelet,Steel,70,Date,Men,Japan
Seiko,Prospex SPB153 Sumo Green,SPB103J1,Diver,Cal. 6R35,In-house,Automatic,1050,780,2023,45.0,20.0,12.9,200,Sapphire,200,Stainless Steel,Bracelet,Steel,70,Date,Men,Japan
Seiko,Seiko 5 SNK809 Field,SNK809K2,Field,Cal. 7S26,In-house,Automatic,125,90,2022,37.0,18.0,11.0,30,Hardlex,60,Stainless Steel,Nylon,Steel,41,"Day, Date",Unisex,Japan
Seiko,Seiko 5 SNKL23 Dress,SNKL23K1,Dress,Cal. 7S26,In-house,Automatic,150,110,2022,37.0,18.0,11.2,30,Hardlex,95,Stainless Steel,Bracelet,Steel,41,"Day, Date",Men,Japan
Seiko,Prospex PADI Turtle,SRPE99K1,Diver,Cal. 4R36,In-house,Automatic,575,400,2023,45.0,22.0,13.2,200,Hardlex,195,Stainless Steel,Silicone,Steel,41,"Day, Date",Men,Japan
Grand Seiko,Heritage SBGA413 Shunbun,SBGA413,Dress,Cal. 9R65,In-house,Spring Drive,6300,4800,2023,40.2,21.0,12.5,100,Sapphire,150,Stainless Steel,Bracelet,Steel,72,"Date, Power Reserve",Men,Japan
Grand Seiko,Heritage SBGH273 Mt Iwate,SBGH273,Dress,Cal. 9S85,In-house,Automatic,6400,5200,2023,40.0,20.0,13.3,100,Sapphire,155,Stainless Steel,Bracelet,Steel,55,Date,Men,Japan
Grand Seiko,Sport SBGN003 GMT Quartz,SBGN003,GMT,Cal. 9F86,In-house,Quartz,2900,2100,2023,39.0,19.0,11.8,100,Sapphire,145,Stainless Steel,Bracelet,Steel,0,"GMT, Date",Men,Japan
Grand Seiko,Evolution 9 SLGA009 Lake Suwa,SLGA009,Dress,Cal. 9RA5,In-house,Spring Drive,9200,7600,2023,40.0,22.0,11.8,100,Sapphire,150,Stainless Steel,Bracelet,Steel,120,"Date, Power Reserve",Men,Japan
Grand Seiko,Elegance SBGW231 Manual,SBGW231,Dress,Cal. 9S64,In-house,Manual,4600,3400,2022,37.3,19.0,11.6,30,Sapphire,110,Stainless Steel,Leather,Steel,72,None,Men,Japan
Grand Seiko,Sport SBGC253 Spring Drive Chrono,SBGC253,Chronograph,Cal. 9R96,In-house,Spring Drive,13700,11000,2023,44.5,22.0,16.8,100,Sapphire,195,Titanium,Bracelet,Ceramic,72,"Chronograph, GMT",Men,Japan
Casio,G-Shock GA-2100 Red CasiOak,GA-2100-4A,Digital,Module 5611,In-house,Quartz,110,80,2023,45.4,0.0,11.8,200,Mineral,52,Carbon/Resin,Resin,Resin,0,"World Time, Alarm",Unisex,Thailand
Casio,G-Shock GMW-B5000TVA Virtual Armor,GMW-B5000TVA-1,Digital,Module 3459,In-house,Solar,750,560,2023,49.3,0.0,14.3,200,Mineral,178,Stainless Steel,Bracelet,Steel,0,"Bluetooth, Solar",Unisex,Japan
Casio,G-Shock Rangeman GPR-B1000,GPR-B1000-1,Digital,Module 3414,In-house,Solar,800,600,2022,60.3,0.0,20.2,200,Resin,Resin,Resin,Resin,0,"GPS, Solar",Men,Unisex,
Casio,G-Shock GA-110 Classic,GA-110-1A,Digital,Module 5146,In-house,Quartz,120,85,2022,51.2,0.0,16.9,200,Mineral,72,Resin,Resin,Resin,0,"World Time, Alarm",Men,Thailand
Casio,G-Shock DW-5600E-1V,DW-5600E-1V,Digital,Module 3229,In-house,Quartz,70,45,2022,42.8,0.0,13.4,200,Mineral,53,Resin,Resin,Resin,0,"Alarm, Stopwatch",Unisex,Thailand
Casio,G-Shock GW-M5610 Tough Solar,GW-M5610U-1,Digital,Module 3495,In-house,Solar,140,100,2023,46.7,0.0,12.7,200,Mineral,53,Resin,Resin,Resin,0,"Multiband 6, Solar",Unisex,Thailand
Casio,G-Shock GST-B400 G-Steel,GST-B400-1A,Analog,Module 5645,In-house,Solar,350,260,2023,52.7,0.0,12.9,200,Mineral,96,Carbon/Steel,Resin,Steel,0,"Bluetooth, Solar",Men,Japan
Casio,G-Shock GBD-200 G-Squad,GBD-200-1,Digital,Module 3537,In-house,Quartz,160,120,2023,46.4,0.0,15.7,200,Mineral,58,Resin,Resin,Resin,0,"Bluetooth, Step",Unisex,Thailand
Casio,Casio A1000 Vintage Steel,A1000M-1,Digital,Module 3434,In-house,Quartz,170,120,2023,38.5,0.0,11.6,30,Mineral,110,Stainless Steel,Bracelet,Steel,0,"Alarm, Stopwatch",Unisex,China
Casio,Casio AE-1200 World Time,AE-1200WH-1A,Digital,Module 3198,In-house,Quartz,30,20,2022,45.0,0.0,13.5,100,Acrylic,60,Resin,Resin,Resin,0,World Time,Unisex,China
Casio,Casio Royale A159WA Gold,A159WGEA-1,Digital,Module 593,In-house,Quartz,40,25,2022,33.2,0.0,8.2,30,Acrylic,65,Stainless Steel,Bracelet,Steel,0,Alarm,Unisex,China
Casio,Casio MQ-24 Analog,MQ-24-7B,Dress,Module 902,In-house,Quartz,18,12,2022,35.0,0.0,8.0,30,Acrylic,18,Resin,Resin,Resin,0,None,Unisex,China
Casio,Edifice EQB-1100 Bluetooth,EQB-1100D-1A,Analog,Module 5638,In-house,Solar,280,210,2023,43.6,0.0,11.4,100,Mineral,125,Stainless Steel,Bracelet,Steel,0,"Bluetooth, Solar",Men,China
Casio,Pro Trek PRW-3400Y,PRW-3400Y-1,Digital,Module 3414,In-house,Solar,320,240,2022,52.4,0.0,12.7,100,Mineral,66,Resin,Resin,Resin,0,"Compass, Altimeter",Men,Thailand
Citizen,Promaster Diver Eco-Drive Orange,BN0190-15L,Diver,Cal. E168,In-house,Solar,425,300,2023,44.0,20.0,12.9,200,Mineral,125,Stainless Steel,Polyurethane,Steel,0,Date,Men,Japan
Citizen,Tsuyosa Blue,NJ0151-88M,Sport,Cal. 8210,Miyota,Automatic,475,370,2023,40.0,20.0,11.7,50,Sapphire,150,Stainless Steel,Bracelet,Steel,42,Date,Unisex,Japan
Citizen,Tsuyosa Black,NJ0150-56E,Sport,Cal. 8210,Miyota,Automatic,450,350,2023,40.0,20.0,11.7,50,Sapphire,150,Stainless Steel,Bracelet,Steel,42,Date,Unisex,Japan
Citizen,Eco-Drive Garrison Field,BM8475-26E,Field,Cal. B612,In-house,Solar,225,160,2022,42.0,22.0,10.6,100,Mineral,75,Stainless Steel,Nylon,Steel,0,Date,Men,Japan
Citizen,Series 8 880 Auto,NA1015-81E,Sport,Cal. 9051,In-house,Automatic,1700,1300,2023,40.4,21.0,11.3,100,Sapphire,165,Stainless Steel,Bracelet,Steel,50,Date,Men,Japan
Citizen,Promaster Tough Eco-Drive,BN0220-16E,Field,Cal. E168,In-house,Solar,350,260,2023,42.0,20.0,12.8,200,Mineral,95,Stainless Steel,Polyurethane,Steel,0,Date,Men,Japan
Tudor,Black Bay 58 Bronze,79012M,Diver,Cal. MT5400,In-house,Automatic,4625,3600,2023,39.0,20.0,11.9,200,Sapphire,130,Bronze,Bracelet,Bronze,70,None,Men,Switzerland
Tudor,Black Bay 58 925 Silver,79010SG,Diver,Cal. MT5400,In-house,Automatic,4675,3700,2023,39.0,20.0,11.9,200,Sapphire,135,925 Silver,Leather,Silver,70,None,Men,Switzerland
Tudor,Black Bay 41 Burgundy,79540,Diver,Cal. MT5602,In-house,Automatic,4150,3300,2023,41.0,22.0,14.7,200,Sapphire,155,Stainless Steel,Bracelet,Aluminum,70,None,Men,Switzerland
Tudor,Black Bay Ceramic,79210CNU,Diver,Cal. MT5602-1U,In-house,Automatic,4825,3900,2023,41.0,22.0,14.4,200,Sapphire,140,Ceramic,Rubber,Ceramic,70,None,Men,Switzerland
Tudor,Pelagos 42 Blue,25600TB,Diver,Cal. MT5612,In-house,Automatic,5050,4100,2023,42.0,22.0,14.3,500,Sapphire,155,Titanium,Bracelet,Ceramic,70,Date,Men,Switzerland
Tudor,Black Bay 68,7941A1A0RU,Diver,Cal. MT5602-U,In-house,Automatic,4675,4100,2024,43.0,22.0,15.0,200,Sapphire,170,Stainless Steel,Bracelet,Steel,65,Date,Men,Switzerland
Tissot,PRX Powermatic 80 Green,T137.407.11.091.00,Sport,Powermatic 80,ETA C07,Automatic,695,540,2023,40.0,12.0,10.9,100,Sapphire,150,Stainless Steel,Bracelet,Steel,80,Date,Unisex,Switzerland
Tissot,PRX Powermatic 80 Black,T137.407.11.051.00,Sport,Powermatic 80,ETA C07,Automatic,695,510,2023,40.0,12.0,10.9,100,Sapphire,150,Stainless Steel,Bracelet,Steel,80,Date,Unisex,Switzerland
Tissot,PRX Powermatic 80 Ice Blue,T137.407.11.351.00,Sport,Powermatic 80,ETA C07,Automatic,725,560,2024,40.0,12.0,10.9,100,Sapphire,150,Stainless Steel,Bracelet,Steel,80,Date,Unisex,Switzerland
Tissot,PRX 35mm Green,T137.210.11.091.00,Sport,Quartz F06,ETA,Quartz,375,280,2023,35.0,11.0,9.7,100,Sapphire,115,Stainless Steel,Bracelet,Steel,0,Date,Unisex,Switzerland
Tissot,Seastar 2000 Pro,T120.607.11.041.00,Diver,Powermatic 80,ETA C07,Automatic,1050,780,2023,46.0,22.0,15.3,600,Sapphire,210,Stainless Steel,Rubber,Ceramic,80,Date,Men,Switzerland
Tissot,Le Locle Powermatic 80 Black,T006.407.16.053.00,Dress,Powermatic 80,ETA C07,Automatic,695,520,2023,39.3,19.0,9.75,30,Sapphire,135,Stainless Steel,Bracelet,Steel,80,Date,Men,Switzerland
Tissot,PR100 Sport Chic,T101.910.11.031.00,Dress,Quartz,ETA,Quartz,375,260,2023,36.0,16.0,9.0,100,Sapphire,110,Stainless Steel,Bracelet,Steel,0,Date,Women,Switzerland
Tissot,Chrono XL Classic,T116.617.16.057.00,Chronograph,Quartz G10,ETA,Quartz,425,300,2023,45.0,22.0,11.5,100,Sapphire,165,Stainless Steel,Leather,Steel,0,"Chronograph, Date",Men,Switzerland
Cartier,Tank Must Large Auto,WSTA0052,Dress,Cal. 1847 MC,In-house,Automatic,4050,3200,2023,33.7,0.0,8.4,30,Sapphire,70,Stainless Steel,Leather,Steel,40,None,Unisex,Switzerland
Cartier,Santos Medium Two-Tone,W2SA0009,Dress,Cal. 1847 MC,In-house,Automatic,9500,7500,2023,35.1,0.0,8.83,100,Sapphire,110,Steel/Yellow Gold,Bracelet,Gold,40,None,Unisex,Switzerland
Cartier,Santos-Dumont Large Quartz,WSSA0022,Dress,Quartz,In-house,Quartz,4400,3400,2023,43.5,0.0,7.3,30,Sapphire,75,Stainless Steel,Leather,Steel,0,None,Men,Switzerland
Cartier,Ballon Bleu 36mm Steel,W69011Z4,Dress,Cal. 049,In-house,Automatic,6750,4800,2023,36.0,0.0,12.05,30,Sapphire,115,Stainless Steel,Bracelet,Steel,40,Date,Unisex,Switzerland
Cartier,Tank Louis Cartier Yellow Gold,WGTA0067,Dress,Cal. 1917 MC,In-house,Manual,13600,11000,2023,33.7,0.0,6.6,30,Sapphire,55,18k Yellow Gold,Leather,Gold,38,None,Unisex,Switzerland
Cartier,Santos Large Yellow Gold,WGSA0029,Dress,Cal. 1847 MC,In-house,Automatic,24800,20000,2023,39.8,0.0,9.38,100,Sapphire,165,18k Yellow Gold,Bracelet,Gold,40,None,Men,Switzerland
Cartier,Ronde Must Solarbeat,WSRN0044,Dress,SolarBeat,In-house,Solar,3050,2300,2023,36.0,0.0,6.5,30,Sapphire,60,Stainless Steel,Leather,Steel,0,None,Unisex,Switzerland
Cartier,Clé de Cartier Steel,WSCL0007,Dress,Cal. 1847 MC,In-house,Automatic,6900,4500,2022,35.0,0.0,9.8,30,Sapphire,100,Stainless Steel,Leather,Steel,40,Date,Unisex,Switzerland
Hamilton,Khaki Field Auto 42 Black,H70535061,Field,Cal. H-10,ETA 2824,Automatic,775,560,2023,42.0,20.0,11.0,100,Sapphire,95,Stainless Steel,Leather,Steel,80,Date,Men,Switzerland
Hamilton,Khaki Field Titanium Auto,H70205830,Field,Cal. H-10,ETA 2824,Automatic,1045,780,2023,42.0,20.0,11.0,100,Sapphire,70,Titanium,Rubber,Titanium,80,Date,Men,Switzerland
Hamilton,Khaki Aviation Converter Auto,H76665130,Pilot,Cal. H-10,ETA 2824,Automatic,1195,880,2023,44.0,22.0,13.0,100,Sapphire,120,Stainless Steel,Leather,Steel,80,Date,Men,Switzerland
Longines,Spirit Zulu Time 42 Blue,L3.812.4.93.6,GMT,Cal. L844,ETA A31,Automatic,2950,2300,2023,42.0,21.0,15.6,100,Sapphire,185,Stainless Steel,Bracelet,Ceramic,72,"GMT, Date",Men,Switzerland
Longines,Conquest Heritage Central Power,L1.648.4.78.0,Dress,Cal. L896,ETA,Automatic,2150,1600,2023,38.0,19.0,9.8,30,Sapphire,120,Stainless Steel,Bracelet,Steel,72,Power Reserve,Men,Switzerland
Longines,HydroConquest 41 Blue,L3.781.4.96.6,Diver,Cal. L888,ETA A31,Automatic,1650,1200,2023,41.0,21.0,11.9,300,Sapphire,175,Stainless Steel,Bracelet,Ceramic,72,Date,Men,Switzerland
Longines,Master Collection Annual Calendar,L2.910.4.92.6,Dress,Cal. L897,ETA,Automatic,3050,2300,2023,40.0,20.0,12.0,30,Sapphire,140,Stainless Steel,Leather,Steel,64,Annual Calendar,Men,Switzerland
Oris,Aquis Date 41.5 Blue,01 733 7766 4135,Diver,Cal. 733,Sellita SW200,Automatic,2200,1500,2023,41.5,21.0,12.6,300,Sapphire,185,Stainless Steel,Bracelet,Ceramic,38,Date,Men,Switzerland
Oris,Divers Sixty-Five 40 Bronze Bezel,01 733 7707 4357,Diver,Cal. 733,Sellita SW200,Automatic,2350,1700,2023,40.0,20.0,13.0,100,Sapphire,120,Stainless Steel,Leather,Bronze,38,Date,Men,Switzerland
Oris,Big Crown ProPilot Big Date,01 751 7761 4065,Pilot,Cal. 751,Sellita SW200,Automatic,2050,1400,2023,41.0,20.0,13.4,100,Sapphire,130,Stainless Steel,Bracelet,Steel,38,Big Date,Men,Switzerland
TAG Heuer,Carrera Chronograph 42 Blue,CBN2A1A.BA0643,Chronograph,Cal. Heuer 02,In-house,Automatic,6450,4800,2023,42.0,20.0,15.7,100,Sapphire,180,Stainless Steel,Bracelet,Steel,80,"Chronograph, Date",Men,Switzerland
TAG Heuer,Aquaracer Professional 300 Black,WBP201A.BA0632,Diver,Cal. 5,Sellita SW200,Automatic,3200,2300,2023,43.0,21.0,13.0,300,Sapphire,180,Stainless Steel,Bracelet,Ceramic,38,Date,Men,Switzerland
TAG Heuer,Monaco Calibre 11 Reissue,CAW211P.FC6356,Chronograph,Cal. 11,Sellita,Automatic,7400,5500,2023,39.0,22.0,15.0,100,Sapphire,155,Stainless Steel,Leather,Steel,40,"Chronograph, Date",Men,Switzerland
Breitling,Navitimer B01 Chronograph 46,AB0137211C1A1,Chronograph,Cal. B01,In-house,Automatic,9700,7500,2023,46.0,22.0,14.4,30,Sapphire,210,Stainless Steel,Bracelet,Steel,70,"Chronograph, Date",Men,Switzerland
Breitling,Superocean Automatic 44 Black,A17376211B1A1,Diver,Cal. 17,ETA 2824,Automatic,5100,3800,2023,44.0,22.0,13.5,1000,Sapphire,195,Stainless Steel,Rubber,Ceramic,38,Date,Men,Switzerland
IWC,Pilot's Watch Mark XX Blue,IW328204,Pilot,Cal. 32111,In-house,Automatic,5800,4500,2023,40.0,20.0,10.8,100,Sapphire,130,Stainless Steel,Bracelet,Steel,120,Date,Men,Switzerland
IWC,Portugieser Chronograph Blue,IW371606,Chronograph,Cal. 69355,In-house,Automatic,8800,6800,2023,41.0,21.0,13.1,30,Sapphire,165,Stainless Steel,Leather,Steel,46,"Chronograph, Date",Men,Switzerland
Orient,Bambino V4 Black,FAC08001B0,Dress,Cal. F6724,In-house,Automatic,225,160,2022,40.5,21.0,12.0,30,Mineral,95,Stainless Steel,Leather,Steel,40,Date,Men,Japan
Orient,Mako III Blue,RA-AA0002L19B,Diver,Cal. F6922,In-house,Automatic,295,210,2023,41.8,22.0,12.8,200,Mineral,165,Stainless Steel,Bracelet,Steel,40,"Day, Date",Men,Japan
Orient,Kamasu Green,RA-AA0004E19B,Diver,Cal. F6922,In-house,Automatic,325,230,2023,41.8,22.0,12.8,200,Sapphire,165,Stainless Steel,Bracelet,Steel,40,"Day, Date",Men,Japan
Orient,Star Contemporary Open Heart,RE-AT0001S00B,Dress,Cal. F7M62,In-house,Automatic,1100,800,2023,41.0,21.0,12.9,50,Sapphire,130,Stainless Steel,Leather,Steel,50,Power Reserve,Men,Japan
Timex,Q Timex Reissue Falcon Eye,TW2U95300,Dress,Quartz,Seiko,Quartz,179,120,2023,38.0,18.0,11.0,50,Acrylic,80,Stainless Steel,Bracelet,Steel,0,Date,Unisex,Philippines
Timex,Marlin Automatic 40,TW2V44900,Dress,Cal. NH35,Seiko,Automatic,289,200,2023,40.0,20.0,11.5,50,Acrylic,90,Stainless Steel,Leather,Steel,41,None,Men,Philippines
Timex,Expedition North Field Post Solar,TW2V00500,Field,Solar,Timex,Solar,185,130,2023,41.0,20.0,11.0,100,Sapphire,75,Stainless Steel,Fabric,Steel,0,Date,Unisex,Philippines
Timex,Weekender 38,TW2U22500,Field,Quartz,Timex,Quartz,54,35,2022,38.0,20.0,9.0,30,Acrylic,35,Brass,Fabric,Brass,0,Date,Unisex,Philippines
Swatch,MoonSwatch Mission to Saturn,SO33T100,Chronograph,Quartz G10,ETA,Quartz,270,220,2022,42.0,20.0,13.75,30,Bioceramic Glass,46,Bioceramic,Velcro,Bioceramic,0,Chronograph,Unisex,Switzerland
Swatch,MoonSwatch Mission to Neptune,SO33N100,Chronograph,Quartz G10,ETA,Quartz,270,220,2022,42.0,20.0,13.75,30,Bioceramic Glass,46,Bioceramic,Velcro,Bioceramic,0,Chronograph,Unisex,Switzerland
Swatch,MoonSwatch Mission to Jupiter,SO33J100,Chronograph,Quartz G10,ETA,Quartz,270,220,2022,42.0,20.0,13.75,30,Bioceramic Glass,46,Bioceramic,Velcro,Bioceramic,0,Chronograph,Unisex,Switzerland
Swatch,Bioceramic Big Bold,SB03B100,Sport,Quartz,ETA,Quartz,120,90,2023,47.0,22.0,15.0,30,Plastic,45,Bioceramic,Silicone,Bioceramic,0,None,Unisex,Switzerland
Apple,Watch Ultra 2 Black Titanium,A2986B,Smartwatch,Apple S9 SiP,In-house,Quartz,799,680,2024,49.0,0.0,14.4,100,Sapphire,61,Titanium,Trail Loop,Titanium,36,"GPS, Dive, ECG",Unisex,USA
Apple,Watch Series 10 46mm Titanium,A2997T,Smartwatch,Apple S10 SiP,In-house,Quartz,699,550,2024,46.0,0.0,9.7,50,Sapphire,35,Titanium,Milanese Loop,Titanium,18,"GPS, ECG, Health",Unisex,USA
Samsung,Galaxy Watch 7 40mm,SM-L300,Smartwatch,Exynos W1000,In-house,Quartz,299,210,2024,40.0,0.0,9.7,50,Sapphire,28,Aluminum,Sport Band,Aluminum,30,"GPS, ECG, Health",Unisex,South Korea
Garmin,Fenix 8 43mm AMOLED,010-02903,Smartwatch,Garmin,In-house,Solar,999,780,2024,43.0,20.0,13.2,100,Sapphire,60,Titanium,Silicone,Titanium,312,"GPS, Maps, Health",Unisex,USA
Garmin,Epix Pro Gen 2 47mm,010-02803,Smartwatch,Garmin,In-house,Quartz,899,680,2023,47.0,22.0,14.5,100,Sapphire,70,Titanium,Silicone,Titanium,384,"GPS, Maps, Health",Unisex,USA
Garmin,Venu 3,010-02784,Smartwatch,Garmin,In-house,Quartz,449,330,2023,45.0,22.0,12.0,50,Gorilla Glass,47,Fiber Polymer,Silicone,Steel,336,"GPS, Health",Unisex,USA
Certina,DS Action Diver 43 Blue,C032.407.11.041.00,Diver,Powermatic 80,ETA C07,Automatic,795,560,2023,43.0,21.0,12.8,300,Sapphire,185,Stainless Steel,Bracelet,Ceramic,80,Date,Men,Switzerland
Certina,DS Action Diver 38 Green,C032.207.11.091.00,Diver,Powermatic 80,ETA C07,Automatic,775,540,2023,38.0,20.0,11.9,300,Sapphire,150,Stainless Steel,Bracelet,Ceramic,80,Date,Unisex,Switzerland
Certina,DS PH200M Turquoise,C036.407.11.040.00,Diver,Powermatic 80,ETA C07,Automatic,825,600,2023,42.5,20.0,12.5,200,Sapphire,160,Stainless Steel,Bracelet,Aluminum,80,None,Men,Switzerland
Certina,DS-1 Powermatic 80,C029.807.11.031.02,Dress,Powermatic 80,ETA C07,Automatic,695,480,2022,40.0,20.0,10.7,100,Sapphire,130,Stainless Steel,Bracelet,Steel,80,Date,Men,Switzerland
Vostok,Amphibia 710 Classic,710040,Diver,Cal. 2415,In-house,Automatic,90,60,2022,40.0,18.0,13.0,200,Acrylic,95,Stainless Steel,Bracelet,Steel,31,Date,Men,Russia
Vostok,Amphibia SE 420 Scuba Dude,420SED,Diver,Cal. 2416B,In-house,Automatic,120,80,2022,42.0,22.0,14.0,200,Acrylic,100,Stainless Steel,Rubber,Steel,31,Date,Men,Russia
Vostok,Komandirskie 350,350000,Field,Cal. 2414,In-house,Manual,70,45,2022,40.0,18.0,12.0,200,Acrylic,85,Stainless Steel,Nylon,Steel,31,Date,Men,Russia
Marathon,GSAR 41mm Automatic,WW194006,Diver,Cal. SW200,Sellita,Automatic,1500,1100,2023,41.0,20.0,14.0,300,Sapphire,180,Stainless Steel,Rubber,Steel,38,"Date, Tritium",Men,Switzerland
Marathon,Navigator 41mm,WW194013,Pilot,Quartz,ETA,Quartz,450,330,2023,41.0,20.0,12.0,60,Sapphire,55,Fiberglass,Nylon,Composite,0,"Date, Tritium",Men,Switzerland
Marathon,TSAR 36mm Quartz,WW194026,Diver,Quartz,ETA,Quartz,650,480,2023,36.0,18.0,13.0,300,Sapphire,95,Stainless Steel,Rubber,Steel,0,"Date, Tritium",Unisex,Switzerland
Luminox,Navy SEAL 3500 Series,XS.3501,Diver,Quartz,Ronda,Quartz,595,420,2023,45.0,24.0,14.5,200,Sapphire,75,Carbonox,Rubber,Carbonox,0,"Date, Tritium",Men,Switzerland
Luminox,Pacific Diver 3120,XS.3121,Diver,Quartz,Ronda,Quartz,550,390,2023,44.0,24.0,15.0,200,Sapphire,85,Carbonox,Rubber,Carbonox,0,"Date, Tritium",Men,Switzerland
Seagull,1963 Chronograph 38mm,D304,Chronograph,Cal. ST19,In-house,Manual,325,230,2022,38.0,18.0,13.5,30,Acrylic,75,Stainless Steel,Leather,Steel,40,Chronograph,Men,China
Seagull,1963 Chronograph 42mm,D304-42,Chronograph,Cal. ST19,In-house,Manual,340,240,2022,42.0,20.0,14.0,30,Sapphire,85,Stainless Steel,Leather,Steel,40,Chronograph,Men,China
Seagull,Ocean Star 200M,816.523,Diver,Cal. ST2130,In-house,Automatic,295,200,2022,41.0,20.0,13.0,200,Sapphire,165,Stainless Steel,Bracelet,Steel,40,Date,Men,China
San Martin,SN0004 Diver 62MAS,SN0004-G-V2,Diver,Cal. NH35,Seiko,Automatic,269,200,2023,39.0,20.0,12.3,200,Sapphire,150,Stainless Steel,Bracelet,Steel,41,Date,Men,China
San Martin,SN0123 Pilot Bronze,SN0123,Pilot,Cal. PT5000,Hangzhou,Automatic,339,250,2023,41.0,20.0,13.0,100,Sapphire,130,Bronze,Leather,Bronze,40,Date,Men,China
San Martin,SN0121 Diver Sub,SN0121-G,Diver,Cal. PT5000,Hangzhou,Automatic,359,270,2023,40.0,20.0,12.5,200,Sapphire,160,Stainless Steel,Bracelet,Ceramic,40,Date,Men,China
Steinhart,Ocean One 39 Black,103-1171,Diver,Cal. SW200,Sellita,Automatic,560,400,2023,39.0,20.0,12.4,300,Sapphire,165,Stainless Steel,Bracelet,Ceramic,38,Date,Men,Germany
Steinhart,Ocean Vintage Military,106-0950,Diver,Cal. SW200,Sellita,Automatic,620,450,2023,42.0,20.0,13.0,300,Sapphire,175,Stainless Steel,Leather,Aluminum,38,None,Men,Germany
Steinhart,Nav B-Uhr 44 Pilot,103-0801,Pilot,Cal. ETA 2824,ETA,Automatic,680,500,2023,44.0,22.0,12.0,100,Sapphire,110,Stainless Steel,Leather,Steel,38,None,Men,Germany
Islander,Northport Automatic Diver,ISL-67,Diver,Cal. NH38,Seiko,Automatic,350,260,2023,40.0,20.0,12.5,200,Sapphire,160,Stainless Steel,Bracelet,Ceramic,41,None,Men,Japan
Islander,Field Watch Auto,ISL-95,Field,Cal. NH38,Seiko,Automatic,325,240,2023,38.0,20.0,11.5,100,Sapphire,75,Stainless Steel,Leather,Steel,41,None,Unisex,Japan
Dan Henry,1970 Diver Chronograph,1970-44,Chronograph,Cal. VK63,Seiko,Quartz,290,210,2023,44.0,22.0,14.0,200,Sapphire,130,Stainless Steel,Bracelet,Aluminum,0,"Chronograph, Date",Men,China
Dan Henry,1963 Pilot Chronograph,1963-38,Chronograph,Cal. Seagull ST19,Seagull,Manual,350,260,2023,38.0,18.0,13.8,30,Acrylic,80,Stainless Steel,Leather,Steel,40,Chronograph,Men,China
Yema,Superman 500 Heritage,YSUP22A66-AMS,Diver,Cal. MBP1000,In-house,Automatic,990,700,2023,39.0,20.0,13.0,500,Sapphire,170,Stainless Steel,Bracelet,Steel,42,Date,Men,France
Yema,Navygraf Heritage,YNAV21A40-AMS,Diver,Cal. YEMA2000,In-house,Automatic,890,640,2023,39.0,20.0,12.5,300,Sapphire,165,Stainless Steel,Bracelet,Steel,42,Date,Men,France
Serica,5303 Explorer,5303-2,Field,Cal. STP1-11,Fossil STP,Automatic,950,750,2023,37.7,20.0,11.6,300,Sapphire,95,Stainless Steel,Bracelet,Steel,44,None,Unisex,Switzerland
Serica,6190 Chronographe,6190,Chronograph,Cal. Valjoux 7753,ETA,Automatic,2900,2300,2023,37.0,19.0,14.0,100,Sapphire,110,Stainless Steel,Leather,Steel,48,Chronograph,Unisex,Switzerland
Formex,Essence FortyThree Chronometer,0330.1.6321.100,Sport,Cal. SW200,Sellita,Automatic,1495,1100,2023,43.0,22.0,11.9,100,Sapphire,140,Stainless Steel,Bracelet,Ceramic,38,Date,Men,Switzerland
Formex,Reef 42 Diver,2200.1.6331.710,Diver,Cal. SW300,Sellita,Automatic,1990,1500,2023,42.0,21.0,13.4,300,Sapphire,175,Stainless Steel,Rubber,Ceramic,56,Date,Men,Switzerland
Ball,Engineer Hydrocarbon AeroGMT II,DG2018C,GMT,Cal. RR1201,ETA 2893,Automatic,2999,2100,2023,40.0,20.0,13.2,200,Sapphire,185,Stainless Steel,Bracelet,Ceramic,42,"GMT, Date",Men,Switzerland
Ball,Engineer M Marvelight,NM9026C,Dress,Cal. RR1103,ETA 2836,Automatic,2399,1700,2023,40.0,20.0,12.0,100,Sapphire,165,Stainless Steel,Bracelet,Steel,42,Date,Men,Switzerland
Alpina,Alpiner 4 Automatic,AL-525S5AQ6,Sport,Cal. AL-525,Sellita,Automatic,1295,900,2023,44.0,22.0,11.5,100,Sapphire,165,Stainless Steel,Bracelet,Steel,38,Date,Men,Switzerland
Alpina,Seastrong Diver 300,AL-525LB4V6,Diver,Cal. AL-525,Sellita,Automatic,1450,1000,2023,44.0,22.0,13.5,300,Sapphire,185,Stainless Steel,Rubber,Aluminum,38,Date,Men,Switzerland
Mido,Ocean Star Tribute Gradient,M026.807.11.041.01,Diver,Cal. 80,ETA C07,Automatic,1190,820,2023,40.5,20.0,12.6,200,Sapphire,165,Stainless Steel,Bracelet,Aluminum,80,Date,Men,Switzerland
Mido,Commander Gradient,M021.407.11.411.00,Dress,Cal. 80,ETA C07,Automatic,1090,750,2023,37.0,18.0,11.3,50,Sapphire,125,Stainless Steel,Bracelet,Steel,80,Date,Unisex,Switzerland
Rado,Captain Cook High-Tech Ceramic,R32147152,Diver,Cal. R734,ETA C07,Automatic,2700,1900,2023,43.0,22.0,13.4,300,Sapphire,95,Ceramic,Ceramic,Ceramic,80,Date,Men,Switzerland
Rado,True Square Automatic Open Heart,R27086152,Dress,Cal. R734,ETA C07,Automatic,2100,1500,2023,38.0,20.0,9.9,50,Sapphire,90,Ceramic,Ceramic,Ceramic,80,Open Heart,Unisex,Switzerland
Baltic,Aquascaphe Classic Blue,AQ-BLU,Diver,Cal. Miyota 9039,Miyota,Automatic,725,560,2023,39.0,20.0,12.0,200,Sapphire,140,Stainless Steel,Bracelet,Sapphire,42,None,Unisex,France
Baltic,Aquascaphe GMT Tropic,AQ-GMT-T,GMT,Cal. Soprod C125,Soprod,Automatic,1150,880,2023,39.0,20.0,12.9,200,Sapphire,145,Stainless Steel,Rubber,Sapphire,42,"GMT, Date",Unisex,France
Baltic,Hermétique Salmon,HM-SAL,Field,Cal. Miyota 8315,Miyota,Automatic,625,480,2023,37.0,20.0,11.6,100,Sapphire,110,Stainless Steel,Leather,Steel,42,None,Unisex,France
Baltic,MR01 Salmon,MR01-S,Dress,Cal. Hangzhou 6300,Hangzhou,Automatic,525,400,2023,36.0,18.0,7.95,30,Sapphire,70,Stainless Steel,Leather,Steel,40,Micro-rotor,Unisex,France
Christopher Ward,The Twelve 38 Blue,C12-38ADA1,Sport,Cal. SH21,Sellita,Automatic,1095,820,2023,38.0,20.0,9.95,150,Sapphire,130,Stainless Steel,Bracelet,Steel,120,Date,Unisex,United Kingdom
Christopher Ward,C60 Trident Pro 300 Blue,C60-40ADA2,Diver,Cal. SW200,Sellita,Automatic,995,720,2023,40.0,20.0,12.7,300,Sapphire,170,Stainless Steel,Bracelet,Ceramic,38,Date,Men,United Kingdom
Christopher Ward,C63 Sealander Automatic,C63-39ADO1,Sport,Cal. SW200,Sellita,Automatic,795,580,2023,39.0,20.0,11.3,150,Sapphire,140,Stainless Steel,Bracelet,Steel,38,Date,Unisex,United Kingdom
Christopher Ward,C1 Moonglow,C1-40ADC1,Dress,Cal. JJ04,Sellita,Automatic,1795,1300,2023,40.5,20.0,11.6,30,Sapphire,120,Stainless Steel,Leather,Steel,38,Moonphase,Men,United Kingdom
Doxa,SUB 300 Professional,821.10.351.10,Diver,Cal. SW200,Sellita,Automatic,2490,1800,2023,42.5,20.0,13.4,300,Sapphire,185,Stainless Steel,Beads of Rice,Steel,38,Date,Men,Switzerland
Doxa,SUB 300T Caribbean,840.10.201.10,Diver,Cal. SW200,Sellita,Automatic,1690,1200,2023,42.5,20.0,13.4,300,Sapphire,185,Stainless Steel,Rubber,Steel,38,Date,Men,Switzerland
Nivada Grenchen,Antarctic Spider,32026A03,Diver,Cal. SW200,Sellita,Automatic,895,650,2023,38.0,20.0,11.8,200,Sapphire,130,Stainless Steel,Bracelet,Steel,38,None,Unisex,Switzerland
Nivada Grenchen,Depthmaster Pacman,14112M01,Diver,Cal. SW200,Sellita,Automatic,1190,860,2023,39.0,20.0,13.5,1000,Sapphire,165,Stainless Steel,Bracelet,Steel,38,None,Men,Switzerland
Lorier,Neptune Series V Blue,NEP-V-BLU,Diver,Cal. Miyota 9039,Miyota,Automatic,499,400,2023,39.0,20.0,12.0,200,Acrylic,125,Stainless Steel,Bracelet,Steel,42,None,Unisex,USA
Lorier,Hydra Series III,HYD-III,Diver,Cal. Miyota 9039,Miyota,Automatic,549,440,2023,41.0,20.0,13.0,200,Acrylic,140,Stainless Steel,Bracelet,Aluminum,42,None,Men,USA
Nodus,Sector Dive Black,SD-BLK,Diver,Cal. NH35,Seiko,Automatic,450,350,2023,40.0,20.0,11.7,200,Sapphire,155,Stainless Steel,Bracelet,Sapphire,41,Date,Men,USA
Nodus,Avalon II Diver,AV2-BLU,Diver,Cal. NH35,Seiko,Automatic,475,370,2023,40.0,20.0,12.2,200,Sapphire,160,Stainless Steel,Bracelet,Ceramic,41,Date,Men,USA
Monta,Oceanking V3,OK-V3,Diver,Cal. M-22,Sellita,Automatic,1990,1500,2023,40.5,20.0,12.2,300,Sapphire,175,Stainless Steel,Bracelet,Ceramic,56,Date,Men,USA
Monta,Atlas GMT,ATL-GMT,GMT,Cal. M-26,Sellita,Automatic,1850,1400,2023,38.5,20.0,11.7,150,Sapphire,145,Stainless Steel,Bracelet,Steel,56,"GMT, Date",Men,USA
Halios,Seaforth IV Gilt,SF4-GLT,Diver,Cal. SW200,Sellita,Automatic,825,800,2023,40.5,20.0,12.5,200,Sapphire,150,Stainless Steel,Rubber,Steel,38,Date,Men,Canada
Unimatic,Modello Uno U1S,U1S-MK,Diver,Cal. NH35,Seiko,Automatic,625,500,2023,40.0,20.0,12.3,300,Sapphire,150,Stainless Steel,Nylon,Steel,41,None,Unisex,Italy
Traska,Freediver Sunburst Blue,FD-SB-BLU,Diver,Cal. NH35,Seiko,Automatic,595,470,2023,40.0,20.0,11.8,200,Sapphire,150,Stainless Steel,Bracelet,Sapphire,41,Date,Men,USA
Traska,Summiteer Field,SUM-GRN,Field,Cal. NH35,Seiko,Automatic,525,420,2023,38.0,20.0,11.5,100,Sapphire,95,Stainless Steel,Bracelet,Steel,41,Date,Unisex,USA
Farer,Aqua Compressor Eldon,AQ-ELD,Diver,Cal. SW200,Sellita,Automatic,1175,880,2023,39.5,20.0,13.9,300,Sapphire,165,Stainless Steel,Bracelet,Aluminum,38,Date,Men,United Kingdom
Zelos,Swordfish 40 Damascus,SWF-DAM,Diver,Cal. NH35,Seiko,Automatic,599,460,2023,40.0,20.0,13.5,300,Sapphire,165,Damascus Steel,Bracelet,Sapphire,41,None,Men,Singapore
Zelos,Mako 40 Bronze,MAKO-BR,Diver,Cal. NH35,Seiko,Automatic,549,420,2023,40.0,20.0,13.5,500,Sapphire,175,Bronze,Leather,Bronze,41,None,Men,Singapore
Squale,1521 Militaire,1521-MIL,Diver,Cal. SW200,Sellita,Automatic,1290,950,2023,42.0,20.0,13.7,500,Sapphire,185,Stainless Steel,Bracelet,Aluminum,38,Date,Men,Switzerland
Anordain,Model 1 Fumé Blue,M1-FB,Dress,Cal. SW210,Sellita,Manual,1450,1100,2023,38.0,18.0,10.8,50,Sapphire,90,Stainless Steel,Leather,Steel,42,None,Unisex,United Kingdom
Furlan Marri,Mr. Red Sector Dial,FM-MR-RED,Dress,Cal. Concepto,Concepto,Manual,595,500,2023,38.0,18.0,9.5,30,Sapphire,70,Stainless Steel,Leather,Steel,45,Sector Dial,Unisex,Switzerland
Patek Philippe,Nautilus 5811/1G White Gold,5811/1G-001,Luxury,Cal. 26-330 S,In-house,Automatic,75000,180000,2024,41.0,0.0,8.2,120,Sapphire,165,18k White Gold,Bracelet,White Gold,45,Date,Men,Switzerland
Patek Philippe,Aquanaut 5167R Rose Gold,5167R-001,Luxury,Cal. 324 S C,In-house,Automatic,45000,75000,2024,40.0,0.0,8.1,120,Sapphire,90,18k Rose Gold,Composite,Rose Gold,45,Date,Men,Switzerland
Patek Philippe,Calatrava 5227G,5227G-010,Luxury,Cal. 324 S C,In-house,Automatic,42000,48000,2023,39.0,0.0,9.24,30,Sapphire,95,18k White Gold,Leather,White Gold,45,Date,Men,Switzerland
Patek Philippe,World Time 5230G,5230G-001,Luxury,Cal. 240 HU,In-house,Automatic,58000,72000,2023,38.5,0.0,10.23,30,Sapphire,90,18k White Gold,Leather,White Gold,48,World Time,Men,Switzerland
Patek Philippe,Aquanaut Luce 5267/200A,5267/200A-011,Luxury,Cal. 324 S C,In-house,Automatic,38000,42000,2023,38.8,0.0,8.5,120,Sapphire,110,Stainless Steel,Composite,Diamond,45,Date,Women,Switzerland
Audemars Piguet,Royal Oak Selfwinding 41 Blue,15510ST.OO.1320ST.01,Luxury,Cal. 4302,In-house,Automatic,35000,52000,2024,41.0,0.0,10.4,50,Sapphire,185,Stainless Steel,Bracelet,Steel,70,Date,Men,Switzerland
Audemars Piguet,Royal Oak Chronograph 38,26715ST.OO.1356ST.02,Luxury,Cal. 4404,In-house,Automatic,48000,58000,2024,38.0,0.0,10.6,50,Sapphire,165,Stainless Steel,Bracelet,Steel,70,"Chronograph, Date",Unisex,Switzerland
Audemars Piguet,Royal Oak Offshore 43 Blue,26420SO.OO.A027CA.01,Luxury,Cal. 4401,In-house,Automatic,42000,55000,2024,43.0,0.0,14.4,100,Sapphire,200,Stainless Steel,Rubber,Ceramic,70,"Chronograph, Date",Men,Switzerland
Audemars Piguet,Code 11.59 Chronograph,26393NR.OO.A002KB.01,Chronograph,Cal. 4401,In-house,Automatic,46000,42000,2023,41.0,0.0,12.6,30,Sapphire,155,18k White Gold,Leather,White Gold,70,"Chronograph, Date",Men,Switzerland
Vacheron Constantin,Overseas Chronograph Blue,5500V/110A-B148,Chronograph,Cal. 5200,In-house,Automatic,32500,38000,2024,42.5,0.0,13.7,150,Sapphire,200,Stainless Steel,Bracelet,Steel,52,"Chronograph, Date",Men,Switzerland
A. Lange & Söhne,Saxonia Outsize Date,381.026,Luxury,Cal. L086.8,In-house,Automatic,26000,28000,2023,38.5,0.0,9.6,30,Sapphire,90,18k White Gold,Leather,White Gold,72,Big Date,Men,Germany
Jaeger-LeCoultre,Master Ultra Thin Moon Blue,Q1368480,Dress,Cal. 925,In-house,Automatic,13800,11000,2023,39.0,20.0,9.9,50,Sapphire,90,Stainless Steel,Leather,Steel,70,"Moonphase, Date",Men,Switzerland
Jaeger-LeCoultre,Polaris Date Blue,Q9008480,Diver,Cal. 899,In-house,Automatic,10300,8000,2023,42.0,21.0,13.5,200,Sapphire,165,Stainless Steel,Rubber,Steel,70,Date,Men,Switzerland
Richard Mille,RM 010 Rose Gold,RM 010,Luxury,Cal. RMAS7,In-house,Automatic,165000,140000,2022,48.0,0.0,13.8,50,Sapphire,95,18k Rose Gold,Rubber,Rose Gold,55,Date,Men,Switzerland
Richard Mille,RM 72-01 Lifestyle Chrono,RM 72-01,Chronograph,Cal. CRMC1,In-house,Automatic,250000,330000,2023,38.4,0.0,11.7,50,Sapphire,80,Titanium,Rubber,Titanium,50,Chronograph,Unisex,Switzerland
Hublot,Big Bang Unico Titanium 44,421.NX.1170.RX,Chronograph,Cal. HUB1280,In-house,Automatic,21800,16000,2023,44.0,26.0,14.5,100,Sapphire,170,Titanium,Rubber,Titanium,72,"Chronograph, Date",Men,Switzerland
Hublot,Classic Fusion Titanium 45,511.NX.1171.RX,Dress,Cal. HUB1112,Sellita,Automatic,8500,6000,2023,45.0,24.0,9.95,50,Sapphire,95,Titanium,Rubber,Titanium,42,Date,Men,Switzerland
Chopard,Mille Miglia Classic Chronograph,168619-3001,Chronograph,Cal. ETA 2894,ETA,Automatic,6500,4800,2023,42.0,21.0,12.8,50,Sapphire,165,Stainless Steel,Rubber,Steel,48,"Chronograph, Date",Men,Switzerland
Blancpain,Fifty Fathoms Bathyscaphe 43,5000-1110-B52A,Diver,Cal. 1315,In-house,Automatic,15800,13000,2023,43.0,23.0,13.4,300,Sapphire,175,Stainless Steel,Sail Canvas,Ceramic,120,Date,Men,Switzerland
Blancpain,Villeret Quantième Complet,6654-1127-55B,Dress,Cal. 6654,In-house,Automatic,18900,15000,2023,40.0,21.0,11.4,30,Sapphire,110,Stainless Steel,Leather,Steel,72,"Complete Calendar, Moonphase",Men,Switzerland
Zenith,Chronomaster Sport Black,03.3100.3600/21.M3100,Chronograph,Cal. El Primero 3600,In-house,Automatic,10500,8500,2024,41.0,20.0,13.6,100,Sapphire,185,Stainless Steel,Bracelet,Ceramic,60,"Chronograph, Date",Men,Switzerland
Zenith,Defy Skyline Boutique Green,03.9300.3620/56.I001,Sport,Cal. El Primero 3620,In-house,Automatic,9500,7800,2024,41.0,21.0,11.8,100,Sapphire,180,Stainless Steel,Bracelet,Steel,60,"Date, 1/10 Sec",Men,Switzerland
Panerai,Submersible QuarantaQuattro Blu,PAM01289,Diver,Cal. P.900,In-house,Automatic,10800,8200,2023,44.0,24.0,13.4,300,Sapphire,185,Stainless Steel,Rubber,Ceramic,72,Date,Men,Italy
Panerai,Luminor Marina Carbotech 44,PAM01661,Diver,Cal. P.9010,In-house,Automatic,17500,13000,2023,44.0,24.0,15.4,300,Sapphire,105,Carbotech,Rubber,Carbotech,72,Date,Men,Italy
Frederique Constant,Classic Moonphase,FC-712MC4S6,Dress,Cal. FC-712,Sellita,Automatic,2195,1500,2023,42.0,21.0,11.4,30,Sapphire,110,Stainless Steel,Leather,Steel,38,"Moonphase, Date",Men,Switzerland
Frederique Constant,Slimline Gents,FC-245M4S6,Dress,Quartz,ETA,Quartz,795,520,2023,39.0,20.0,6.5,30,Sapphire,75,Stainless Steel,Leather,Steel,0,None,Men,Switzerland
Raymond Weil,Millesime Small Seconds,2925-STC-65001,Dress,Cal. RW4250,Sellita,Automatic,2150,1500,2023,39.5,20.0,9.9,50,Sapphire,110,Stainless Steel,Leather,Steel,56,Small Seconds,Men,Switzerland
Maurice Lacroix,Aikon Automatic 39,AI6007-SS002-430-1,Sport,Cal. ML115,Sellita,Automatic,2150,1500,2023,39.0,20.0,10.6,200,Sapphire,150,Stainless Steel,Bracelet,Steel,38,Date,Unisex,Switzerland
Maurice Lacroix,Aikon Chronograph 44,AI6038-SS002-330-1,Chronograph,Cal. ML112,Sellita,Automatic,3650,2600,2023,44.0,22.0,15.0,200,Sapphire,195,Stainless Steel,Bracelet,Steel,48,"Chronograph, Date",Men,Switzerland
Junghans,Max Bill Automatic Bauhaus,027/3501.02,Dress,Cal. J800.1,ETA 2824,Automatic,1290,900,2023,38.0,20.0,10.0,30,Plexi,55,Stainless Steel,Leather,Steel,38,None,Unisex,Germany
Nomos Glashütte,Tangente 38 Datum,131,Dress,Cal. DUW 4101,In-house,Automatic,2780,2200,2023,37.5,19.0,7.9,30,Sapphire,55,Stainless Steel,Leather,Steel,42,Date,Unisex,Germany
Nomos Glashütte,Ludwig 33 Manual,205,Dress,Cal. Alpha,In-house,Manual,1700,1300,2023,32.8,18.0,6.3,30,Sapphire,40,Stainless Steel,Leather,Steel,43,None,Unisex,Germany
Sinn,556 A RS Red Seconds,556.0103,Sport,Cal. SW200,Sellita,Automatic,1340,1000,2023,38.5,20.0,11.0,200,Sapphire,95,Stainless Steel,Bracelet,Steel,38,Date,Unisex,Germany
Sinn,U50 SDR,1050.011,Diver,Cal. SW300,Sellita,Automatic,2400,1800,2023,41.0,20.0,11.4,500,Sapphire,100,German Submarine Steel,Silicone,Steel,56,Date,Men,Germany
Sinn,104 St Sa A White,104.012,Pilot,Cal. SW220,Sellita,Automatic,1620,1200,2023,41.0,20.0,11.0,200,Sapphire,95,Stainless Steel,Bracelet,Steel,38,"Day, Date",Men,Germany
Bell & Ross,BR 03-92 Black Ceramic,BR0392-BL-CE,Pilot,Cal. BR-CAL.302,Sellita,Automatic,4400,3200,2023,42.0,24.0,9.7,100,Sapphire,90,Ceramic,Rubber,Ceramic,38,Date,Men,Switzerland
Bell & Ross,BR V2-93 GMT,BRV293-BL-ST,GMT,Cal. BR-CAL.303,Sellita,Automatic,3900,2800,2023,41.0,20.0,12.0,100,Sapphire,150,Stainless Steel,Bracelet,Steel,38,"GMT, Date",Men,Switzerland
Montblanc,Heritage Spirit Date,MB119946,Dress,Cal. MB 24.27,Sellita,Automatic,2800,1900,2023,39.0,20.0,9.6,30,Sapphire,105,Stainless Steel,Leather,Steel,38,Date,Men,Switzerland
Bremont,Supermarine S302,S302-BK,Diver,Cal. BE-92AE,ETA,Automatic,4395,3000,2023,40.0,20.0,13.0,300,Sapphire,175,Stainless Steel,Rubber,Ceramic,38,Date,Men,United Kingdom
Bremont,MBII Anthracite,MBII-BK,Pilot,Cal. BE-36AE,ETA 2836,Automatic,4995,3400,2023,43.0,22.0,16.0,100,Sapphire,110,Stainless Steel,Leather,Steel,38,Date,Men,United Kingdom
Seiko,Prospex Arnie Solar Diver Black,SNJ025P1,Diver,Cal. H851,In-house,Solar,525,380,2023,47.8,22.0,14.8,200,Hardlex,110,Stainless Steel,Silicone,Steel,0,"Day, Date, Alarm",Men,Japan
Seiko,Prospex SPB317 Marinemaster,SPB317J1,Diver,Cal. 6R35,In-house,Automatic,1450,1100,2024,42.0,20.0,12.3,300,Sapphire,185,Stainless Steel,Bracelet,Steel,70,Date,Men,Japan
Seiko,Prospex Speedtimer Mechanical Panda,SRQ035J1,Chronograph,Cal. 8R46,In-house,Automatic,2900,2200,2023,42.5,20.0,15.1,100,Sapphire,175,Stainless Steel,Bracelet,Steel,45,"Chronograph, Date",Men,Japan
Seiko,King Seiko SPB281 Blue,SPB281J1,Dress,Cal. 6R31,In-house,Automatic,1700,1300,2023,37.0,19.0,12.1,50,Sapphire,135,Stainless Steel,Bracelet,Steel,70,None,Men,Japan
Citizen,Promaster Mechanical Diver Fugu Blue,NY0129-07L,Diver,Cal. 8204,Miyota,Automatic,495,360,2023,44.0,20.0,13.6,200,Mineral,175,Stainless Steel,Bracelet,Steel,40,"Day, Date",Men,Japan
Citizen,Promaster Air Skyhawk Blue,JY8051-59L,Pilot,Cal. U680,In-house,Solar,695,520,2023,46.0,22.0,15.5,200,Mineral,165,Stainless Steel,Bracelet,Steel,0,"World Time, Chrono",Men,Japan
Casio,G-Shock GA-2100 White CasiOak,GA-2100-7A,Digital,Module 5611,In-house,Quartz,110,80,2023,45.4,0.0,11.8,200,Mineral,51,Carbon/Resin,Resin,Resin,0,"World Time, Alarm",Unisex,Thailand
Casio,G-Shock GMW-B5000 Black DLC,GMW-B5000GD-1,Digital,Module 3459,In-house,Solar,600,460,2023,49.3,0.0,13.0,200,Mineral,167,Stainless Steel,Bracelet,DLC Steel,0,"Bluetooth, Solar",Unisex,Japan
Casio,G-Shock GA-B2100 Black/Gold,GA-B2100-1A4,Digital,Module 5691,In-house,Solar,160,120,2023,48.5,0.0,11.9,200,Mineral,52,Carbon/Resin,Resin,Resin,0,"Bluetooth, Solar",Unisex,Thailand
Rolex,Datejust 41 Slate Roman Oyster,126334-SLT,Luxury,Cal. 3235,In-house,Automatic,10700,12000,2024,41.0,21.0,11.9,100,Sapphire,150,Steel/White Gold,Oyster,Fluted White Gold,70,Date,Men,Switzerland
Rolex,Oyster Perpetual 34 Silver,124200,Luxury,Cal. 2232,In-house,Automatic,5300,7500,2024,34.0,19.0,11.0,100,Sapphire,110,Stainless Steel,Oyster,Smooth Steel,55,None,Unisex,Switzerland
Omega,Seamaster Aqua Terra Worldtimer,220.10.43.22.03.001,GMT,Cal. 8938,In-house,Automatic,10000,7500,2023,43.0,21.0,14.4,150,Sapphire,190,Stainless Steel,Bracelet,Steel,60,"World Time, Date",Men,Switzerland
Bulova,Lunar Pilot Chronograph Steel,96B258,Chronograph,Cal. NP20,In-house,Quartz,795,560,2023,43.5,20.0,13.5,50,Sapphire,130,Stainless Steel,Bracelet,Steel,0,"Chronograph, Date",Men,Japan
Bulova,Precisionist Champlain,96B260,Sport,Cal. Precisionist,In-house,Quartz,495,340,2023,43.5,22.0,12.0,300,Sapphire,170,Stainless Steel,Bracelet,Steel,0,Date,Men,Japan
Bulova,Surveyor Automatic,96A293,Dress,Cal. Miyota 8215,Miyota,Automatic,325,230,2023,39.0,20.0,11.0,30,Mineral,95,Stainless Steel,Leather,Steel,40,None,Men,Japan
Citizen,Eco-Drive Weekender Garrison,BM8180-03E,Field,Cal. B612,In-house,Solar,195,140,2022,37.0,18.0,9.9,100,Mineral,55,Stainless Steel,Nylon,Steel,0,Date,Unisex,Japan
Movado,Museum Classic 40,0607269,Dress,Quartz,Swiss,Quartz,695,420,2023,40.0,20.0,7.0,30,Sapphire,80,Stainless Steel,Leather,Steel,0,None,Men,Switzerland
Movado,Bold Evolution,3600734,Dress,Quartz,Swiss,Quartz,550,330,2023,40.0,20.0,9.0,30,Mineral,110,Stainless Steel,Bracelet,Steel,0,None,Unisex,Switzerland
Shinola,Runwell 41,S0100049,Dress,Cal. Argonite 1069,Ronda,Quartz,595,400,2023,41.0,20.0,11.0,50,Sapphire,115,Stainless Steel,Leather,Steel,0,"Date, Subseconds",Men,USA
Shinola,Lake Erie Monster Automatic,S0120273977,Diver,Cal. Sellita SW200,Sellita,Automatic,1295,900,2023,43.0,22.0,14.0,200,Sapphire,180,Stainless Steel,Bracelet,Aluminum,38,Date,Men,USA
Victorinox,INOX Professional Diver,241957,Diver,Quartz,Swiss,Quartz,795,520,2023,45.0,22.0,14.0,200,Sapphire,160,Stainless Steel,Rubber,Steel,0,Date,Men,Switzerland
Fossil,Heritage Automatic Skeleton,ME3220,Dress,Cal. Hangzhou,Hangzhou,Automatic,295,200,2023,43.0,22.0,12.0,50,Mineral,120,Stainless Steel,Leather,Steel,40,Skeleton,Men,China
Skagen,Holst Quartz,SKW6817,Dress,Quartz,Skagen,Quartz,145,90,2023,40.0,20.0,7.0,30,Mineral,55,Stainless Steel,Mesh,Steel,0,None,Men,Denmark
Nixon,51-30 Chrono All Black,A083-001,Chronograph,Quartz,Miyota,Quartz,550,360,2023,51.0,25.0,15.0,300,Mineral,230,Stainless Steel,Bracelet,Steel,0,"Chronograph, Date",Men,USA
Nixon,Sentry Solar,A1346-000,Sport,Solar,Nixon,Solar,175,110,2023,40.0,20.0,11.0,100,Mineral,95,Stainless Steel,Leather,Steel,0,Date,Men,USA
Invicta,Pro Diver Chronograph,1953,Chronograph,Quartz,Seiko,Quartz,95,60,2023,48.0,24.0,14.0,200,Mineral,195,Stainless Steel,Bracelet,Steel,0,"Chronograph, Date",Men,Japan
Daniel Wellington,Classic 40 Cornwall,DW00100257,Dress,Quartz,Miyota,Quartz,230,140,2023,40.0,20.0,6.0,30,Mineral,50,Stainless Steel,NATO,Rose Gold,0,None,Unisex,China
MVMT,Classic II 40,28000287-D,Dress,Quartz,Miyota,Quartz,148,90,2023,40.0,20.0,8.0,30,Mineral,60,Stainless Steel,Leather,Steel,0,None,Men,China
Olivia Burton,Signature 34,24000001,Dress,Quartz,Miyota,Quartz,125,80,2023,34.0,16.0,8.0,30,Mineral,45,Stainless Steel,Leather,Steel,0,None,Women,China
Casio,Baby-G BGD-565,BGD-565-1,Digital,Module 3461,In-house,Quartz,110,75,2023,42.9,0.0,14.0,200,Mineral,43,Resin,Resin,Resin,0,World Time,Women,Thailand
Garmin,Forerunner 265,010-02810,Smartwatch,Garmin,In-house,Quartz,449,330,2023,46.1,22.0,12.9,50,Gorilla Glass,47,Fiber Polymer,Silicone,Polymer,312,"GPS, Health",Unisex,USA
Garmin,Lily 2,010-02839,Smartwatch,Garmin,In-house,Quartz,249,180,2024,35.0,14.0,9.7,50,Gorilla Glass,24,Aluminum,Silicone,Aluminum,120,"GPS, Health",Women,USA
Fitbit,Charge 6,FB422,Smartwatch,Fitbit,In-house,Quartz,159,110,2023,37.0,0.0,11.2,50,Gorilla Glass,30,Aluminum,Silicone,Aluminum,168,"GPS, ECG, Health",Unisex,USA
Fitbit,Versa 4,FB523,Smartwatch,Fitbit,In-house,Quartz,199,140,2023,40.0,0.0,11.2,50,Gorilla Glass,37,Aluminum,Silicone,Aluminum,144,"GPS, Health",Unisex,USA
Polar,Vantage V3,90108743,Smartwatch,Polar,In-house,Quartz,599,440,2024,47.0,22.0,14.5,100,Sapphire,57,Stainless Steel,Silicone,Steel,192,"GPS, ECG, Health",Unisex,Finland
Withings,ScanWatch Light,HWA11,Smartwatch,Withings,In-house,Quartz,250,180,2024,37.0,18.0,10.1,50,Gorilla Glass,30,Stainless Steel,Silicone,Steel,720,"Health, Hybrid",Unisex,France
Suunto,Race S,SS051056000,Smartwatch,Suunto,In-house,Quartz,349,250,2024,45.0,22.0,11.5,100,Gorilla Glass,53,Polymer,Silicone,Steel,288,"GPS, Maps, Health",Unisex,Finland
Seiko,5 Sports Street Fighter Ryu,SRPF17K1,Sport,Cal. 4R36,In-house,Automatic,350,280,2022,42.5,22.0,13.4,100,Hardlex,80,Stainless Steel,Bracelet,Steel,41,"Day, Date",Men,Japan
Seiko,Prospex Diver Shogun Titanium,SBDC125,Diver,Cal. 6R35,In-house,Automatic,900,680,2023,44.0,20.0,12.8,200,Sapphire,130,Titanium,Bracelet,Ceramic,70,Date,Men,Japan
Seiko,Presage Cocktail Automatic Ivory,SRE001J1,Dress,Cal. 4R39,In-house,Automatic,350,260,2023,38.9,19.0,10.7,50,Hardlex,110,Stainless Steel,Leather,Steel,41,"Small Seconds, Date",Men,Japan
Seiko,5 Sports SRPK17 Green,SRPK17K1,Sport,Cal. 4R36,In-house,Automatic,325,220,2023,42.5,22.0,13.4,100,Hardlex,80,Stainless Steel,Bracelet,Steel,41,"Day, Date",Men,Japan
Seiko,Astron GPS Solar SSH082,SSH082J1,GMT,Cal. 3X62,In-house,Solar,2500,1800,2023,43.0,22.0,14.0,200,Sapphire,140,Titanium,Bracelet,Titanium,0,"GPS, World Time",Men,Japan
Casio,G-Shock GA-140 Series,GA-140-1A1,Digital,Module 5565,In-house,Quartz,99,70,2022,50.7,0.0,16.5,200,Mineral,66,Resin,Resin,Resin,0,"World Time, Alarm",Unisex,Thailand
Casio,G-Shock GBX-100 G-Lide Surf,GBX-100-1,Digital,Module 3523,In-house,Solar,260,185,2023,50.7,0.0,17.1,200,Mineral,65,Resin,Resin,Resin,0,"Tide, Moon, Solar",Unisex,Thailand
Casio,Casio Collection F-105W,F-105W-1A,Digital,Module 1440,In-house,Quartz,25,15,2022,36.8,0.0,8.0,50,Resin,32,Resin,Resin,Resin,0,"Alarm, Stopwatch",Unisex,China
Casio,Casio Collection MW-240,MW-240-7B,Analog,Module 2784,In-house,Quartz,32,20,2022,37.6,18.0,8.2,50,Mineral,50,Resin,Resin,Resin,0,Date,Unisex,China
Orient,RA-AA0C02E Sun & Moon Blue,RA-AA0C02E09B,Dress,Cal. F6F22,In-house,Automatic,350,250,2023,41.0,21.0,12.7,50,Mineral,115,Stainless Steel,Leather,Steel,40,"Sun & Moon, Date",Men,Japan
Orient,RA-KV0005S Cuore Ladies,RA-KV0005S10B,Dress,Cal. F6F29,In-house,Automatic,350,240,2023,28.0,14.0,9.5,30,Mineral,70,Stainless Steel,Leather,Steel,40,"Day, Date",Women,Japan
Orient,RA-AC0E01B Mako Diver,RA-AC0E01B10B,Diver,Cal. F6A22,In-house,Automatic,450,310,2023,43.9,22.0,13.0,200,Mineral,175,Stainless Steel,Bracelet,Aluminum,40,"Day, Date",Men,Japan
Hamilton,Khaki Field Quartz 38,H68551533,Field,Quartz,ETA,Quartz,395,280,2022,38.0,20.0,9.5,50,Sapphire,60,Stainless Steel,Leather,Steel,0,None,Unisex,Switzerland
Hamilton,Intra-Matic Auto 38,H38425541,Dress,Cal. H-10,ETA 2824,Automatic,775,560,2023,38.0,20.0,10.0,100,Sapphire,100,Stainless Steel,Leather,Steel,80,Date,Men,Switzerland
Hamilton,American Classic Pan Europ,H35405741,Dress,Cal. H-40,ETA 2892,Automatic,995,720,2023,42.0,21.0,12.7,50,Sapphire,130,Stainless Steel,Leather,Steel,80,"Day, Date",Men,Switzerland
Longines,Spirit 42 COSC Blue,L3.820.4.93.6,Pilot,Cal. L897,ETA,Automatic,2700,2100,2023,42.0,21.0,13.1,100,Sapphire,190,Stainless Steel,Bracelet,Steel,72,Date,Men,Switzerland
Longines,Conquest Quartz 41,L3.740.4.56.6,Sport,Quartz,ETA,Quartz,950,650,2023,41.0,20.0,9.2,300,Sapphire,150,Stainless Steel,Bracelet,Ceramic,0,Date,Men,Switzerland
Longines,Heritage Classic 38.5 Black,L2.320.4.52.6,Dress,Cal. L592,ETA 2824,Automatic,2200,1600,2023,38.5,20.0,10.7,30,Sapphire,120,Stainless Steel,Leather,Steel,64,None,Men,Switzerland
Oris,Aquis Date 43.5 Blue Relief,01 733 7766 4155,Diver,Cal. 733,Sellita,Automatic,2450,1700,2023,43.5,22.0,13.5,300,Sapphire,195,Stainless Steel,Rubber,Ceramic,38,Date,Men,Switzerland
Oris,Divers Sixty-Five Cotton Candy Rose,01 733 7771 4158,Diver,Cal. 733,Sellita,Automatic,2350,1700,2023,40.0,20.0,12.5,100,Sapphire,120,Stainless Steel,Leather,Steel,38,Date,Women,Switzerland
Oris,Diver 65 Twelve,01 733 7785 0154,Diver,Cal. 400,In-house,Automatic,3800,2800,2023,40.0,20.0,14.7,300,Sapphire,125,Stainless Steel,Leather,Steel,120,Date,Men,Switzerland
Breitling,Premier Automatic 40 Blue,A45340241C1X1,Dress,Cal. 45,ETA 2824,Automatic,5400,3900,2023,40.0,20.0,10.8,100,Sapphire,155,Stainless Steel,Leather,Steel,38,Date,Men,Switzerland
Breitling,Endurance Pro Anthracite,X82310E41B1S1,Sport,SuperQuartz,Breitling,Quartz,3400,2400,2023,44.5,24.0,14.8,100,Mineral,76,Breitlight,Rubber,Breitlight,0,"Chronograph, Date",Men,Switzerland
TAG Heuer,Aquaracer Professional 200 Steel,WBP111A.BA0627,Diver,Quartz,Ronda,Quartz,2100,1500,2023,40.0,20.0,11.0,200,Sapphire,160,Stainless Steel,Bracelet,Steel,0,Date,Men,Switzerland
TAG Heuer,Autavia Chronograph,CBE2111.BA0687,Chronograph,Cal. Heuer 02,In-house,Automatic,5950,4400,2023,42.0,20.0,15.7,100,Sapphire,165,Stainless Steel,Bracelet,Steel,80,"Chronograph, Date",Men,Switzerland
Omega,Speedmaster Moonwatch Professional Blue,310.32.42.50.03.001,Chronograph,Cal. 3861,In-house,Manual,7500,5800,2024,42.0,20.0,13.2,50,Hesalite,120,Stainless Steel,NATO,Stainless,50,Chronograph,Men,Switzerland
Omega,Constellation Quartz 29mm,131.10.29.20.55.001,Dress,Cal. 4061,In-house,Quartz,2950,1900,2023,29.0,0.0,7.4,100,Sapphire,80,Steel/Yellow Gold,Bracelet,Gold,0,None,Women,Switzerland
IWC,Portofino Automatic 37,IW458101,Dress,Cal. 35111,In-house,Automatic,5400,4100,2023,37.0,19.0,9.9,30,Sapphire,85,Stainless Steel,Leather,Steel,42,Date,Unisex,Switzerland
IWC,Big Pilot Annual Calendar,IW502704,Pilot,Cal. 52850,In-house,Automatic,19000,15000,2023,46.2,22.0,15.9,60,Sapphire,175,Stainless Steel,Leather,Steel,60,Annual Calendar,Men,Switzerland
Panerai,Luminor Due 38mm,PAM01043,Diver,Cal. P.900,In-house,Automatic,9700,7400,2023,38.0,24.0,10.4,30,Sapphire,75,Stainless Steel,Leather,Steel,72,Date,Unisex,Italy
Panerai,Radiomir 1940 3 Days,PAM00574,Diver,Cal. P.3000,In-house,Manual,9800,7000,2022,47.0,26.0,10.6,100,Sapphire,90,Stainless Steel,Leather,Steel,72,Small Seconds,Men,Italy
Zenith,Defy Revival A3818,A3818B370/386.C801,Chronograph,Cal. El Primero 3018B,In-house,Automatic,11500,9000,2023,38.0,20.0,12.9,100,Sapphire,155,Stainless Steel,Leather,Steel,50,Chronograph,Men,Switzerland
Zenith,Elite Classic 6150,03.2290.6150/01.C493,Dress,Cal. Elite 6150,In-house,Automatic,5600,4200,2023,40.0,20.0,7.75,30,Sapphire,85,Stainless Steel,Leather,Steel,50,None,Men,Switzerland
Cartier,Calibre de Cartier Diver,W7100057,Diver,Cal. 1904-PS MC,In-house,Automatic,8500,6500,2022,42.0,0.0,11.0,300,Sapphire,145,Stainless Steel,Rubber,Steel,42,Date,Men,Switzerland
Cartier,Tank Américaine WB701251,WB701251,Dress,Cal. 2671 MC,In-house,Automatic,17800,14000,2023,36.7,0.0,8.3,30,Sapphire,65,18k White Gold,Leather,White Gold,38,None,Women,Switzerland
Chopard,L.U.C XP Esprit de Fleurier,161946-5001,Dress,Cal. L.U.C 96.53-L,In-house,Manual,21000,16000,2023,36.0,0.0,6.1,30,Sapphire,55,18k Rose Gold,Leather,Rose Gold,65,None,Women,Switzerland
Chopard,Mille Miglia GTS 2024 Race Edition,168572-3001,Chronograph,Cal. ETA 2894,ETA,Automatic,8700,6200,2024,42.0,21.0,12.8,100,Sapphire,160,Stainless Steel,Rubber,Steel,48,"Chronograph, Date",Men,Switzerland
Patek Philippe,Annual Calendar 5396R,5396R-012,Luxury,Cal. 324 S QA LU 24H,In-house,Automatic,62000,68000,2023,38.5,0.0,10.03,30,Sapphire,95,18k Rose Gold,Leather,Rose Gold,45,Annual Calendar,Men,Switzerland
Patek Philippe,Aquanaut 5164R Travel Time,5164R-001,Luxury,Cal. 324 S C FUS 24H,In-house,Automatic,58000,80000,2023,40.8,0.0,8.1,120,Sapphire,100,18k Rose Gold,Composite,Rose Gold,45,"Dual Time, Date",Men,Switzerland
Audemars Piguet,Royal Oak Perpetual Calendar,26579ST.OO.1220ST.01,Luxury,Cal. 5134,In-house,Automatic,155000,145000,2023,41.0,0.0,9.4,50,Sapphire,185,Stainless Steel,Bracelet,Steel,40,"Perpetual Calendar, Moonphase",Men,Switzerland
Vacheron Constantin,Traditionnelle Complete Calendar,4010U/000G-B330,Luxury,Cal. 2460 QCL/1,In-house,Automatic,42000,46000,2023,41.0,0.0,12.3,30,Sapphire,90,18k White Gold,Leather,White Gold,40,Complete Calendar,Men,Switzerland
Vacheron Constantin,Fiftysix Day-Date,4400E/110A-B195,Luxury,Cal. 2475 SC/1,In-house,Automatic,22500,24000,2023,40.0,21.0,11.5,150,Sapphire,175,Stainless Steel,Bracelet,Steel,56,"Day, Date",Men,Switzerland
Jaeger-LeCoultre,Master Ultra Thin Date,Q1288120,Dress,Cal. 899/1,In-house,Automatic,9600,7500,2023,39.0,20.0,7.85,50,Sapphire,85,Stainless Steel,Leather,Steel,70,Date,Men,Switzerland
Jaeger-LeCoultre,Polaris Perpetual Calendar,Q9088370,Dress,Cal. 868B,In-house,Automatic,30000,26000,2023,42.0,21.0,12.6,50,Sapphire,150,Titanium,Rubber,Titanium,70,"Perpetual Calendar, Moonphase",Men,Switzerland
Blancpain,Fifty Fathoms Tech Gombe,5200-1240-NABA,Diver,Cal. 1315,In-house,Automatic,19000,16000,2023,43.5,23.0,13.4,300,Sapphire,185,Titanium,Rubber,Ceramic,120,Date,Men,Switzerland
Blancpain,Leman Moonphase Grande Date,2763-1154-55B,Dress,Cal. 6763,In-house,Automatic,26500,21000,2023,40.0,21.0,13.3,30,Sapphire,120,Stainless Steel,Leather,Steel,72,"Moonphase, Big Date",Men,Switzerland
Hublot,Big Bang Integral Titanium 42,451.NX.1170.NX,Chronograph,Cal. HUB1280,In-house,Automatic,23800,17000,2023,42.0,24.0,12.7,100,Sapphire,155,Titanium,Integrated Rubber,Titanium,72,"Chronograph, Date",Men,Switzerland
Hublot,Spirit of Big Bang Moonphase,647.NX.1137.RX,Chronograph,Cal. HUB6035,In-house,Automatic,25500,19000,2023,42.0,22.0,14.5,100,Sapphire,130,Titanium,Rubber,Titanium,72,"Chronograph, Moonphase",Men,Switzerland
Richard Mille,RM 055 Bubba Watson,RM 055,Luxury,Cal. CRMS7,In-house,Automatic,190000,250000,2023,50.15,0.0,16.15,50,Sapphire,100,NTPT Carbon,Rubber,Carbon,55,None,Men,Switzerland
Richard Mille,RM 07-01 Ladies,RM 07-01,Luxury,Cal. CRMS5,In-house,Automatic,110000,130000,2022,45.7,0.0,11.6,30,Sapphire,55,Red Gold,Rubber,Red Gold,55,None,Women,Switzerland
Grand Seiko,Heritage SBGP015 Quartz 9F,SBGP015,Dress,Cal. 9F83,In-house,Quartz,3500,2700,2023,37.0,19.0,9.5,100,Sapphire,140,Stainless Steel,Bracelet,Steel,0,Date,Men,Japan
Grand Seiko,Sport SBGN013 Solar GPS,SBGN013,Sport,Cal. 9F86,In-house,Solar,3200,2400,2024,39.0,20.0,11.8,100,Sapphire,145,Titanium,Bracelet,Titanium,0,"GMT, Date",Men,Japan
Grand Seiko,Evolution 9 SLGA021 Seasons Byakkotai,SLGA021,Dress,Cal. 9RA2,In-house,Spring Drive,11500,9500,2024,40.0,22.0,11.8,100,Sapphire,155,Titanium,Bracelet,Titanium,120,"Date, Power Reserve",Men,Japan
Seiko,Seiko 5 SNK803 Field Tan,SNK803K2,Field,Cal. 7S26,In-house,Automatic,120,85,2022,37.0,18.0,11.0,30,Hardlex,60,Stainless Steel,Nylon,Steel,41,"Day, Date",Men,Japan
Certina,DS Podium Big Size,C034.417.11.037.01,Dress,Powermatic 80,ETA C07,Automatic,725,500,2023,41.0,21.0,11.3,100,Sapphire,145,Stainless Steel,Bracelet,Steel,80,Date,Men,Switzerland
Mido,Baroncelli Heritage,M027.408.16.010.00,Dress,Cal. 80,ETA C07,Automatic,890,620,2023,40.0,21.0,11.15,30,Sapphire,120,Stainless Steel,Leather,Steel,80,Date,Men,Switzerland
Rado,Golden Horse 1957,R33930155,Sport,Cal. R734,ETA C07,Automatic,2950,2100,2023,38.5,21.0,11.5,50,Sapphire,140,Stainless Steel,Bracelet,Steel,80,Date,Men,Switzerland
Frederique Constant,Classics Quartz Moonphase,FC-206MPWD1S26,Dress,Quartz,ETA,Quartz,995,650,2023,36.0,18.0,8.55,30,Sapphire,75,Stainless Steel,Leather,Steel,0,"Moonphase, Date",Women,Switzerland
Junghans,Max Bill Quartz Bauhaus,041/4462.44,Dress,Quartz,Ronda,Quartz,665,450,2022,34.0,17.0,7.5,30,Plexi,42,Stainless Steel,Leather,Steel,0,None,Unisex,Germany
Nomos Glashütte,Orion Neomatik 36 Date,330,Dress,Cal. DUW 6101,In-house,Automatic,2590,2000,2023,36.0,18.0,7.8,30,Sapphire,50,Stainless Steel,Leather,Steel,43,Date,Unisex,Germany
Sinn,857 UTC,857.020,GMT,Cal. ETA 2893,ETA,Automatic,1995,1500,2023,42.5,20.0,10.7,200,Sapphire,110,Stainless Steel,Leather,Steel,38,"GMT, Date",Men,Germany
Withings,ScanWatch Horizon 43 Black,HWA04,Smartwatch,Withings Hybrid,In-house,Quartz,750,550,2023,43.0,22.0,14.5,50,Sapphire,150,Stainless Steel,Rubber,Steel,720,"ECG, Hybrid, Health",Men,France
Samsung,Galaxy Watch FE,SM-R860,Smartwatch,Exynos W920,In-house,Quartz,199,140,2024,40.0,0.0,9.8,50,Gorilla Glass,25,Aluminum,Sport Band,Aluminum,24,"GPS, Health",Unisex,South Korea
Google,Pixel Watch 3 41mm,GA05673,Smartwatch,Snapdragon W5,Qualcomm,Quartz,349,250,2024,41.0,0.0,10.4,50,Gorilla Glass,31,Aluminum,Active Band,Aluminum,24,"GPS, ECG, Health",Unisex,USA
Garmin,Forerunner 55,010-02562,Smartwatch,Garmin,In-house,Quartz,199,140,2022,42.5,20.0,11.4,50,Corning,32,Fiber Polymer,Silicone,Fiber,336,"GPS, Health",Unisex,USA
Garmin,Descent G1 Dive,010-02604,Diver,Garmin,In-house,Quartz,499,360,2022,47.0,22.0,14.8,100,Gorilla Glass,72,Fiber Polymer,Silicone,Steel,336,"GPS, Dive",Unisex,USA
Apple,Watch Series 9 45mm,A2980,Smartwatch,Apple S9 SiP,In-house,Quartz,429,310,2023,45.0,0.0,10.7,50,Ion-X,39,Aluminum,Sport Band,Aluminum,18,"GPS, ECG, Health",Unisex,USA
Amazfit,Bip 5 Unity,A2236,Smartwatch,Zepp OS,In-house,Quartz,89,60,2024,46.0,22.0,10.5,50,Tempered Glass,28,Polymer,Silicone,Polymer,336,"GPS, Health",Unisex,China
Amazfit,Balance,A2286,Smartwatch,Zepp OS,In-house,Quartz,179,120,2024,46.0,22.0,10.6,50,Tempered Glass,34,Aluminum,Silicone,Aluminum,336,"GPS, ECG, Health",Unisex,China
Citizen,Eco-Drive Sport Axiom,AU1068-50H,Sport,Cal. E110,In-house,Solar,225,160,2022,42.0,22.0,10.9,100,Mineral,75,Stainless Steel,Bracelet,Steel,0,Date,Men,Japan
Citizen,Promaster Air BX1010,BX1010-02E,Pilot,Cal. U680,In-house,Solar,650,480,2023,43.6,22.0,14.5,200,Sapphire,150,Stainless Steel,Bracelet,Steel,0,World Time,Men,Japan
Citizen,Eco-Drive Drive Atomic,AT2480-81L,Dress,Cal. H145,In-house,Solar,595,420,2023,40.0,20.0,10.2,100,Sapphire,100,Stainless Steel,Bracelet,Steel,0,"Atomic, Date",Men,Japan
Timex,Marlin Automatic Date,TW2V33800,Dress,Cal. NH35,Seiko,Automatic,259,185,2023,40.0,20.0,12.0,50,Acrylic,95,Stainless Steel,Leather,Steel,41,Date,Men,Philippines
Timex,Expedition North Collection TTC Eco-Material,TW2V03300,Field,Solar,Timex,Solar,185,130,2023,41.0,20.0,11.5,100,Sapphire,80,Recycled Plastic,Fabric,Recycled,0,Date,Unisex,Philippines
Orient,Bambino V3 Champagne,FAC00009N0,Dress,Cal. F6724,In-house,Automatic,195,145,2022,40.5,21.0,12.0,30,Mineral,95,Stainless Steel,Leather,Steel,40,Date,Men,Japan
Orient,Kano Diver Open Heart,RA-AG0025E10B,Diver,Cal. F6F22,In-house,Automatic,350,260,2023,43.5,22.0,13.0,200,Mineral,165,Stainless Steel,Bracelet,Steel,40,Date,Men,Japan
Baltic,Bicompax 003 Black Panda,BC003-BLK,Chronograph,Cal. Valjoux 7750,ETA,Automatic,1475,1100,2023,38.0,19.0,14.5,50,Sapphire,115,Stainless Steel,Leather,Steel,46,"Chronograph, Date",Men,France
Baltic,HMS 002 Blue,HMS002-BLU,Dress,Cal. Miyota 9015,Miyota,Automatic,725,560,2023,36.0,18.0,10.8,50,Sapphire,75,Stainless Steel,Leather,Steel,42,None,Unisex,France
Baltic,Aquascaphe Desert Edition,AQ-DST,Diver,Cal. Miyota 9039,Miyota,Automatic,750,580,2023,39.0,20.0,12.0,200,Sapphire,140,Stainless Steel,Bracelet,Sapphire,42,None,Unisex,France
Casio,Casio A700W 90s Revival,A700WEG-9A,Digital,Module 593,In-house,Quartz,35,22,2022,34.5,0.0,8.9,30,Acrylic,55,Stainless Steel,Bracelet,Steel,0,Alarm,Unisex,China
Casio,G-Shock GSW-H1000 Smart,GSW-H1000,Smartwatch,G-Shock OS,In-house,Solar,400,290,2023,54.1,0.0,17.5,200,Sapphire,116,Resin,Resin,Steel,0,"GPS, Health",Men,Japan
Rolex,Datejust 36 Blue Roman Jubilee,126234-BLJ,Luxury,Cal. 3235,In-house,Automatic,8800,10500,2024,36.0,20.0,11.6,100,Sapphire,128,Steel/White Gold,Jubilee,Fluted White Gold,70,Date,Unisex,Switzerland
Rolex,Datejust 41 Green Palm Oysterflex,126300GRN,Luxury,Cal. 3235,In-house,Automatic,10400,15000,2024,41.0,21.0,11.9,100,Sapphire,148,Stainless Steel,Oysterflex,Smooth Steel,70,Date,Men,Switzerland
Rolex,Yacht-Master 40 Rhodium Leather,126621,Luxury,Cal. 3235,In-house,Automatic,29200,28000,2024,40.0,20.0,11.9,100,Sapphire,165,Everose/Platinum,Leather,Platinum,70,Date,Men,Switzerland
Rolex,Pearlmaster 34,81235,Luxury,Cal. 2236,In-house,Automatic,38000,42000,2024,34.0,0.0,9.5,100,Sapphire,105,18k White Gold,Pearlmaster,Diamond,55,Date,Women,Switzerland
Omega,Speedmaster Super Racing,329.30.44.51.03.001,Chronograph,Cal. 9920,In-house,Automatic,12200,9500,2024,44.25,21.0,16.1,100,Sapphire,195,Stainless Steel,Bracelet,Steel,60,"Chronograph, Date",Men,Switzerland
Omega,Seamaster Diver 300M Bronze Gold,210.22.42.20.08.001,Diver,Cal. 8800,In-house,Automatic,9900,8500,2024,42.0,21.0,13.5,300,Sapphire,178,Bronze Gold,Rubber,Ceramic,55,Date,Men,Switzerland
Omega,De Ville Trésor Piaget Auto,435.53.40.21.02.001,Dress,Cal. 2500,In-house,Automatic,7300,5200,2023,40.0,0.0,8.15,30,Sapphire,85,18k Rose Gold,Leather,Rose Gold,48,Date,Men,Switzerland
Grand Seiko,Heritage SBGM221 GMT Spring Drive,SBGM221,GMT,Cal. 9R66,In-house,Spring Drive,5500,4200,2023,40.0,20.0,14.1,100,Sapphire,155,Stainless Steel,Bracelet,Steel,72,"GMT, Date, Power Reserve",Men,Japan
Grand Seiko,Heritage SBGH307 Peacock,SBGH307,Dress,Cal. 9SA5,In-house,Automatic,8700,7000,2024,40.0,22.0,11.7,100,Sapphire,155,Stainless Steel,Bracelet,Steel,80,Date,Men,Japan
Tudor,Ranger 41 Leather,M79910-0001,Field,Cal. MT5402,In-house,Automatic,4425,3500,2023,41.0,21.0,12.0,100,Sapphire,130,Stainless Steel,Leather,Aluminum,70,None,Men,Switzerland
Tudor,Royal 41 Blue,M28600-0003,Dress,Cal. MT5652,In-house,Automatic,3675,3000,2023,41.0,22.0,11.0,100,Sapphire,135,Stainless Steel,Bracelet,Steel,70,"GMT, Date",Men,Switzerland
Tudor,BB GMT Hawthorn Green,M79830RG,GMT,Cal. MT5652,In-house,Automatic,4575,4000,2024,41.0,22.0,14.6,200,Sapphire,165,Stainless Steel,Leather,Green/Red,70,"GMT, Date",Men,Switzerland
Tissot,PRX Digital Steel Gold,T137.463.11.020.00,Sport,Quartz,ETA,Quartz,525,380,2024,40.0,0.0,9.4,100,Sapphire,125,Stainless Steel,Bracelet,PVD Gold,0,Date,Unisex,Switzerland
Tissot,Everytime Medium 38,T109.410.16.033.00,Dress,Quartz,ETA,Quartz,295,200,2022,38.0,20.0,6.85,30,Sapphire,90,Stainless Steel,Leather,Steel,0,Date,Unisex,Switzerland
Tissot,Heritage 1948,T142.464.16.012.00,Dress,Cal. Powermatic 80,ETA C07,Automatic,995,720,2023,41.0,20.0,11.65,100,Sapphire,155,Stainless Steel,Leather,Steel,80,Date,Men,Switzerland
Glycine,Combat Sub 42,GL0082,Diver,Cal. GL224,Miyota,Automatic,595,420,2022,42.0,20.0,12.2,200,Sapphire,170,Stainless Steel,Bracelet,Steel,42,Date,Men,Switzerland
Glycine,Airman Base 22 GMT,GL0406,Pilot,Cal. GL293,ETA 2893,Automatic,1195,850,2023,40.0,20.0,10.4,100,Sapphire,125,Stainless Steel,Bracelet,Steel,42,"GMT, 24H",Men,Switzerland
Archimede,SportTaucher 42 Beige,UA9118-H1.5.H1.5,Diver,Cal. ETA 2824,ETA,Automatic,2490,1700,2023,42.0,20.0,13.5,300,Sapphire,175,Stainless Steel,Leather,Steel,38,Date,Men,Germany
Stowa,Flieger Club No Date,FL-NO-DATE,Pilot,Cal. ETA 2895,ETA,Automatic,1290,950,2023,40.0,20.0,10.5,50,Acrylic,65,Stainless Steel,Leather,Steel,42,None,Men,Germany
Stowa,Marine Original Classic,MAR-CL,Diver,Cal. ETA 2824,ETA,Automatic,1550,1100,2023,42.0,20.0,13.0,200,Sapphire,165,Stainless Steel,Bracelet,Steel,38,Date,Men,Germany
Laco,Durango Pilot 42,861746,Pilot,Cal. ETA 2824,ETA,Automatic,795,560,2023,42.0,20.0,11.0,100,Acrylic,75,Stainless Steel,Leather,Steel,38,None,Men,Germany
Laco,Freiburg Diver,862114,Diver,Cal. SW200,Sellita,Automatic,1090,780,2023,42.0,20.0,12.5,200,Sapphire,170,Stainless Steel,Bracelet,Steel,38,Date,Men,Germany
Damasko,DA36,DA36,Field,Cal. ETA 2824,ETA,Automatic,1590,1200,2023,38.5,20.0,10.1,200,Sapphire,75,Submarine Steel,Leather,Steel,38,Date,Unisex,Germany
Hanhart,Primus Marinemaster GMT,716.200-0010,Pilot,Cal. ETA 2893,ETA,Automatic,2890,2100,2023,42.0,21.0,13.5,300,Sapphire,175,Stainless Steel,Rubber,Aluminum,42,"GMT, Date",Men,Germany
Jacques Lemans,Shark Sport,1-2059A,Diver,Quartz,Ronda,Quartz,225,140,2023,48.0,24.0,15.0,500,Mineral,210,Stainless Steel,Rubber,Ceramic,0,Date,Men,Austria
Zodiac,Sea Wolf 38,ZO9200,Diver,Cal. SW200,Sellita,Automatic,1395,1000,2023,38.0,20.0,12.0,200,Sapphire,135,Stainless Steel,Bracelet,Aluminum,38,Date,Men,USA
Zodiac,Super Sea Wolf 53,ZO9261,Diver,Cal. SW200,Sellita,Automatic,1595,1150,2023,40.5,20.0,13.9,300,Sapphire,165,Stainless Steel,Bracelet,Aluminum,38,Date,Men,USA
Norqain,Independence Wild One Diver,N2200S/B401A-001/40B,Diver,Cal. NN20,Sellita,Automatic,3200,2400,2023,42.0,22.0,12.5,300,Sapphire,185,Stainless Steel,Rubber,Ceramic,38,Date,Men,Switzerland
Eterna,KonTiki Diver,1290.41.41.1422,Diver,Cal. 3916A,ETA,Automatic,3500,2500,2023,45.0,22.0,13.9,500,Sapphire,195,Stainless Steel,Bracelet,Ceramic,38,Date,Men,Switzerland
Fortis,Official Cosmonauts Chronograph,630.10.141,Chronograph,Cal. ETA 7750,ETA,Automatic,2490,1800,2023,40.0,20.0,14.7,200,Sapphire,165,Stainless Steel,Bracelet,Steel,48,"Chronograph, Date",Men,Switzerland
Fortis,Marinemaster Diver,677.10.11,Diver,Cal. ETA 2836,ETA,Automatic,2190,1500,2023,44.0,22.0,13.4,200,Sapphire,185,Stainless Steel,Bracelet,Steel,38,"Day, Date",Men,Switzerland
Hemel,HF5 Chronograph,HF5,Chronograph,Cal. SW500,Sellita,Automatic,1290,950,2023,40.0,20.0,14.9,200,Sapphire,165,Stainless Steel,Bracelet,Steel,42,"Flyback Chrono, Date",Men,Japan
Furlan Marri,Bicompax 001 Panda Salmon,FM-BC001-PS,Chronograph,Cal. Valjoux 7750,ETA,Automatic,1650,1300,2023,40.0,20.0,14.5,50,Sapphire,110,Stainless Steel,Leather,Steel,46,Chronograph,Men,Switzerland
Lorier,Gemini Moonphase,GEM-MP,Dress,Cal. Miyota 9N33,Miyota,Automatic,649,520,2023,38.0,20.0,11.5,30,Acrylic,90,Stainless Steel,Leather,Steel,42,"Moonphase, Date",Unisex,USA
Nodus,Trieste II GMT,TR2-GMT,GMT,Cal. NH34,Seiko,Automatic,599,480,2023,40.0,20.0,13.5,200,Sapphire,165,Stainless Steel,Bracelet,Ceramic,41,"GMT, Date",Men,USA
Halios,Puck II,PK2-BLU,Dress,Cal. Miyota 8215,Miyota,Automatic,425,350,2023,36.0,18.0,9.9,50,Sapphire,75,Stainless Steel,Leather,Steel,42,Date,Unisex,Canada
Monta,Windsor,WIN-SIL,Dress,Cal. SW200,Sellita,Automatic,1390,1050,2023,40.0,20.0,10.8,100,Sapphire,130,Stainless Steel,Leather,Steel,38,Date,Men,USA
Farer,Lander III Patterdale,LAN3-PAT,Field,Cal. SW200,Sellita,Automatic,1195,900,2023,39.5,20.0,11.2,300,Sapphire,140,Stainless Steel,Bracelet,Steel,38,Date,Men,United Kingdom
Anordain,Model 2 Champlevé,M2-CHP,Dress,Cal. SW210,Sellita,Manual,1850,1400,2023,40.5,20.0,11.8,50,Sapphire,100,Stainless Steel,Leather,Steel,42,None,Unisex,United Kingdom
Ming,17.09 Field Watch,17.09,Field,Cal. Soprod P024,Soprod,Automatic,3500,3800,2022,38.0,20.0,9.5,100,Sapphire,80,Titanium,Leather,Titanium,42,None,Unisex,Switzerland
Ming,17.06 Diver Blue,17.06B,Diver,Cal. ETA 2824,ETA,Automatic,2900,4200,2021,39.0,20.0,12.5,300,Sapphire,155,Stainless Steel,Rubber,Ceramic,38,Date,Men,Switzerland
Krayon,Everywhere,KRA001,Luxury,Cal. KA01,In-house,Manual,98000,105000,2022,43.0,0.0,11.0,100,Sapphire,65,White Gold,Leather,White Gold,90,"Equation of Time, Sun",Men,Switzerland
Ressence,Type 1,Type1-BLU,Luxury,Cal. ROCS 1,In-house,Automatic,23800,20000,2022,42.0,0.0,9.5,100,Sapphire,75,Titanium,Leather,Titanium,36,Orbital Convex System,Men,Switzerland
H. Moser & Cie,Streamliner Flyback,6902-0200,Chronograph,Cal. HMC 902,In-house,Manual,30500,32000,2023,42.0,21.0,13.8,120,Sapphire,170,Stainless Steel,Bracelet,Steel,54,Flyback Chrono,Men,Switzerland
H. Moser & Cie,Endeavour Perpetual Moon,3200-0200,Dress,Cal. HMC 801,In-house,Manual,28000,30000,2023,40.0,0.0,9.5,30,Sapphire,80,Stainless Steel,Leather,Steel,72,Perpetual Moon,Men,Switzerland
F.P. Journe,Chronometre Bleu,CbBl,Luxury,Cal. 1304,In-house,Manual,38500,65000,2022,39.0,18.0,9.6,30,Sapphire,55,Tantalum,Leather,Tantalum,50,None,Men,Switzerland
F.P. Journe,Astronomic Blue Steel,ASTBL,Luxury,Cal. 1607,In-house,Manual,350000,500000,2022,44.0,0.0,14.0,30,Sapphire,80,18k Rose Gold,Leather,Rose Gold,64,"Perpetual, Tourbillon",Men,Switzerland
Czapek,Quai des Bergues Deep Blue,QBG-QBG3G-0015,Luxury,Cal. SXH3,In-house,Automatic,22000,19000,2022,42.5,21.0,9.5,50,Sapphire,90,Stainless Steel,Bracelet,Steel,60,None,Men,Switzerland
Czapek,Antarctique Passage de Drake,ARC-FBR-COBR,Luxury,Cal. SXH2,In-house,Automatic,26000,22000,2022,41.0,21.0,9.5,100,Sapphire,95,Titanium,Leather,Titanium,60,None,Men,Switzerland
Seiko,Prospex Solar Diver SNE573,SNE573P1,Diver,Cal. V157,In-house,Solar,375,270,2023,42.0,20.0,12.8,200,Hardlex,130,Stainless Steel,Silicone,Steel,0,Date,Men,Japan
Seiko,Prospex Sea Sumo Green,SBDC081,Diver,Cal. 6R35,In-house,Automatic,1050,780,2024,45.0,20.0,12.9,200,Sapphire,200,Stainless Steel,Bracelet,Steel,70,Date,Men,Japan
Seiko,Presage Blue Enamel Sharp-Edged,SPB167J1,Dress,Cal. 6R35,In-house,Automatic,1250,900,2023,39.3,20.0,11.8,100,Sapphire,135,Stainless Steel,Bracelet,Steel,70,Date,Men,Japan
Seiko,5 Sports Street Fighter Cammy,SRPF19K1,Sport,Cal. 4R36,In-house,Automatic,350,280,2022,42.5,22.0,13.4,100,Hardlex,80,Stainless Steel,Silicone,Steel,41,"Day, Date",Women,Japan
Seiko,Presage Style60 Cocktail Time,SRPE19J1,Dress,Cal. 4R35,In-house,Automatic,475,360,2022,40.5,20.0,12.4,50,Sapphire,130,Stainless Steel,Bracelet,Steel,41,Date,Men,Japan
Seiko,Prospex SPB357 Willard Navy,SPB357J1,Diver,Cal. 6R35,In-house,Automatic,850,650,2024,42.7,22.0,14.0,200,Sapphire,170,Stainless Steel,Silicone,Steel,70,Date,Men,Japan
Seiko,5 Sports Pepsi GMT,SSK005K1,GMT,Cal. 4R34,In-house,Automatic,475,375,2023,42.5,22.0,13.6,100,Hardlex,82,Stainless Steel,Bracelet,Blue/Red,41,"GMT, Date",Men,Japan
Casio,G-Shock GW-M5610 Black,GW-M5610U-1JF,Digital,Module 3495,In-house,Solar,155,115,2023,46.7,0.0,12.7,200,Mineral,53,Resin,Resin,Resin,0,"Solar, Multiband 6",Unisex,Japan
Casio,G-Shock GM-2100 Metal Bezel Gold,GM-2100G-1A9,Digital,Module 5611,In-house,Quartz,130,95,2023,45.4,0.0,11.8,200,Mineral,55,Metal Bezel/Resin,Resin,Metal,0,"World Time, Alarm",Unisex,China
Casio,Baby-G BA-110,BA-110-4A1,Digital,Module 3414,In-house,Quartz,79,52,2022,42.9,0.0,15.8,100,Mineral,44,Resin,Resin,Resin,0,World Time,Women,Thailand
Casio,G-Shock GS-B100 Twin Sensor,GS-B100-1A,Digital,Module 5694,In-house,Solar,250,185,2022,55.3,0.0,17.1,200,Mineral,78,Resin,Resin,Resin,0,"Compass, Temperature, Solar",Men,Japan
Rolex,GMT-Master II Steel Jubilee Batman,126710BLNR-J,Luxury,Cal. 3285,In-house,Automatic,15300,17500,2024,40.0,20.0,12.0,100,Sapphire,162,Stainless Steel,Jubilee,Black/Blue Ceramic,70,"GMT, Date",Men,Switzerland
Rolex,Datejust 36 Gold Diamond,126233,Luxury,Cal. 3235,In-house,Automatic,12300,13000,2024,36.0,20.0,11.6,100,Sapphire,130,Steel/Yellow Gold,Jubilee,Fluted Gold,70,Date,Unisex,Switzerland
Rolex,Oyster Perpetual 41 Black,124300-BLK,Luxury,Cal. 3230,In-house,Automatic,6650,9500,2024,41.0,21.0,11.9,100,Sapphire,145,Stainless Steel,Oyster,Smooth Steel,70,None,Men,Switzerland
Rolex,Submariner No-Date Blue 41,124060-BLU,Luxury,Cal. 3230,In-house,Automatic,9650,16000,2024,41.0,21.0,12.5,300,Sapphire,155,Stainless Steel,Oyster,Ceramic,70,None,Men,Switzerland
Omega,Speedmaster Moonwatch Apollo 11 50th,310.20.42.50.01.001,Chronograph,Cal. 3861,In-house,Manual,8100,7200,2023,42.0,20.0,13.18,50,Hesalite,105,Stainless Steel,Bracelet,Steel,50,Chronograph,Men,Switzerland
Omega,Seamaster 300M Ceramic Bespoke,210.32.42.20.04.001,Diver,Cal. 8800,In-house,Automatic,7250,6400,2024,42.0,21.0,13.5,300,Sapphire,178,Steel/Sedna,Rubber,Ceramic,55,Date,Men,Switzerland
Omega,Aqua Terra 38mm Quartz,220.10.38.60.52.001,Dress,Quartz,ETA,Quartz,2400,1600,2023,38.0,19.0,10.5,150,Sapphire,110,Stainless Steel,Bracelet,Steel,0,Date,Women,Switzerland
Tudor,Black Bay 58 Hawthorn Green,M79030G,Diver,Cal. MT5400,In-house,Automatic,4625,4100,2024,39.0,20.0,11.9,200,Sapphire,130,Stainless Steel,Leather,Aluminum,70,None,Men,Switzerland
Tudor,Black Bay 41 Blue,M79540-0009,Diver,Cal. MT5602,In-house,Automatic,4150,3400,2023,41.0,22.0,14.7,200,Sapphire,155,Stainless Steel,Bracelet,Aluminum,70,None,Men,Switzerland
Tudor,Pelagos FXD Racing Green,M25717N,Diver,Cal. MT5621,In-house,Automatic,4775,3900,2024,42.0,20.0,14.0,200,Sapphire,155,Titanium,Fabric,Steel,70,None,Men,Switzerland
Citizen,Promaster Diver NY0136 Green,NY0136-01E,Diver,Cal. 8218,Miyota,Automatic,375,270,2023,42.0,20.0,13.6,200,Mineral,175,Stainless Steel,Bracelet,Steel,40,"Day, Date",Men,Japan
Citizen,Eco-Drive Brycen Nighthawk,CA0293-87E,Pilot,Cal. B620,In-house,Solar,350,250,2022,43.5,22.0,12.1,200,Mineral,140,Stainless Steel,Bracelet,Steel,0,"World Time, Alarm",Men,Japan
Citizen,Tsuyosa Pink,NJ0154-10A,Sport,Cal. 8210,Miyota,Automatic,450,360,2023,40.0,20.0,11.7,50,Sapphire,150,Stainless Steel,Bracelet,Steel,42,Date,Women,Japan
Hamilton,Khaki Field Murph 38 Solar,H70525130,Field,Cal. H-40 Solar,ETA,Solar,795,580,2023,38.0,20.0,10.7,100,Sapphire,60,Stainless Steel,Leather,Steel,0,None,Unisex,Switzerland
Hamilton,Khaki Field Expedition Auto 41,H70315135,Field,Cal. H-10,ETA 2824,Automatic,875,640,2023,41.0,20.0,11.0,100,Sapphire,100,Stainless Steel,Canvas,Steel,80,Date,Men,Switzerland
Tissot,Couturier Automatic,T035.407.16.051.00,Dress,Powermatic 80,ETA C07,Automatic,695,500,2022,41.0,20.0,10.45,30,Sapphire,135,Stainless Steel,Leather,Steel,80,Date,Men,Switzerland
Tissot,PRX 35mm Quartz Rose,T137.210.33.351.00,Sport,Quartz,ETA,Quartz,400,290,2023,35.0,11.0,9.7,100,Sapphire,115,Rose Gold PVD,Bracelet,Rose Gold,0,Date,Women,Switzerland
Invicta,Pro Diver Scuba 200M Steel,8938OB,Diver,Cal. NH35,Seiko,Automatic,125,85,2023,40.0,20.0,12.9,200,Mineral,165,Stainless Steel,Bracelet,Steel,41,Date,Men,Japan
Bulova,Sea King Automatic,96A365,Diver,Cal. Miyota 8215,Miyota,Automatic,595,420,2023,42.0,20.0,14.0,200,Mineral,175,Stainless Steel,Bracelet,Steel,40,Date,Men,Japan
Fossil,Townsman Automatic,ME3110,Dress,Cal. Miyota 9015,Miyota,Automatic,245,165,2023,44.0,22.0,12.0,50,Mineral,135,Stainless Steel,Leather,Steel,42,None,Men,China
Fossil,Blue Dive Quartz,FS5992,Diver,Quartz,Fossil,Quartz,165,110,2023,40.0,20.0,11.0,100,Mineral,155,Stainless Steel,Bracelet,Steel,0,Date,Men,China
Apple,Watch SE 2nd Gen 40mm,A2722,Smartwatch,Apple S8 SiP,In-house,Quartz,249,180,2023,40.0,0.0,10.7,50,Ion-X,26,Aluminum,Sport Band,Aluminum,18,"GPS, Health",Unisex,USA
Samsung,Galaxy Watch 6 Classic 47mm,SM-R960,Smartwatch,Exynos W930,In-house,Quartz,429,310,2023,47.0,22.0,10.9,50,Sapphire,59,Stainless Steel,Leather,Steel,40,"GPS, ECG, Health",Unisex,South Korea
Garmin,Vivoactive 5,010-02862,Smartwatch,Garmin,In-house,Quartz,299,220,2024,42.7,20.0,10.3,50,Gorilla Glass,36,Aluminum,Silicone,Aluminum,120,"GPS, Health",Unisex,USA
Garmin,Forerunner 745,010-02445,Smartwatch,Garmin,In-house,Quartz,399,270,2023,43.8,22.0,13.6,50,Gorilla Glass,47,Fiber Polymer,Silicone,Steel,168,"GPS, Health, Training",Unisex,USA
Autodromo,Group B White,W-01,Chronograph,Cal. VK64,Seiko,Quartz,795,580,2023,41.0,22.0,11.5,100,Mineral,105,Stainless Steel,Leather,Steel,0,Chronograph,Men,USA
RZE,Endeavour Titanium Green,ENDV-TI-GRN,Field,Cal. NH35,Seiko,Automatic,495,380,2023,41.0,22.0,12.6,100,Sapphire,80,Titanium,Nylon,Titanium,41,None,Unisex,Singapore
Spinnaker,Croft Triple Calendar,SP-5070-11,Dress,Cal. ST1908,Sellita,Automatic,750,560,2023,43.0,22.0,12.0,50,Sapphire,130,Stainless Steel,Leather,Steel,42,"Triple Calendar, Moonphase",Men,Italy
Squale,T-183 Blue Wooden Bezel,T-183BL,Diver,Cal. SW200,Sellita,Automatic,1590,1150,2023,38.0,20.0,12.9,300,Sapphire,145,Stainless Steel,Rubber,Wooden,38,None,Unisex,Switzerland
Vostok-Europe,Lunokhod 2 Multifunction,6S10-605H426,Field,Cal. 6S10,Vostok-Europe,Quartz,495,350,2023,52.0,26.0,13.8,200,Mineral,165,Stainless Steel,Silicone,Steel,0,"Chronograph, Tachymeter",Men,Lithuania
Vostok-Europe,GAZ-14 Limousine,NH35-5651213,Luxury,Cal. NH35,Seiko,Automatic,425,310,2023,49.0,24.0,15.0,200,Mineral,185,Stainless Steel,Leather,Steel,41,"Day, Date",Men,Lithuania
Davosa,Ternos Professional Diver,161.559.04,Diver,Cal. ETA 2824,ETA,Automatic,895,620,2023,40.0,20.0,13.8,300,Sapphire,175,Stainless Steel,Bracelet,Ceramic,38,Date,Men,Switzerland
Louis Erard,La Semaine Reserve de Marche,69268AA22.BVA22,Dress,Cal. Le2,In-house,Automatic,5200,3900,2022,41.0,21.0,11.5,30,Sapphire,120,Stainless Steel,Leather,Steel,45,"Week, Date, Power Reserve",Men,Switzerland
Montblanc,Summit 3 Smartwatch,130561,Smartwatch,Qualcomm Snapdragon W5,Qualcomm,Quartz,995,720,2023,46.0,24.0,12.4,50,Sapphire,55,Titanium,Rubber,Steel,0,"Smart, Health",Unisex,Germany
Enicar,Sherpa World Time,147-03-06B,GMT,Cal. ETA 2893,ETA,Automatic,1450,1050,2023,40.5,20.0,11.0,200,Sapphire,125,Stainless Steel,Bracelet,Steel,42,"GMT, Date",Men,Switzerland
Frederique Constant,Runabout Automatic,FC-303RM5B4,Dress,Cal. FC-303,Sellita,Automatic,2750,2000,2023,42.5,22.0,12.4,50,Sapphire,145,Stainless Steel,Leather,Steel,38,Date,Men,Switzerland
Serica,8315 Blue Diver,8315-B,Diver,Cal. STP1-11,Fossil STP,Automatic,1100,850,2023,40.5,20.0,13.2,300,Sapphire,175,Stainless Steel,Bracelet,Sapphire,44,Date,Men,Switzerland
Maurice Lacroix,Pontos Day Date,PT6158-SS001-23E-1,Dress,Cal. ML113,Sellita,Automatic,3750,2700,2023,41.0,21.0,10.9,50,Sapphire,135,Stainless Steel,Bracelet,Steel,38,"Day, Date",Men,Switzerland
Rado,True 40 Thinline,R27056702,Dress,Cal. ETA 2892,ETA,Automatic,2200,1600,2022,40.0,0.0,5.9,50,Sapphire,80,Ceramic,Ceramic,Ceramic,38,None,Men,Switzerland
Alpina,Startimer Pilot Quartz,AL-240NS4S6,Pilot,Quartz,ETA,Quartz,795,550,2023,44.0,22.0,9.2,100,Sapphire,125,Stainless Steel,Leather,Steel,0,None,Men,Switzerland
Mondaine,Swiss Railway SBB 40,A658.30323.16SBO,Dress,Quartz,Ronda,Quartz,245,165,2023,40.0,20.0,9.15,30,Mineral,55,Stainless Steel,Leather,Steel,0,Date,Unisex,Switzerland
Mondaine,Stop2Go Automatic,MST.4161B.LB,Dress,Cal. ETA 2824,ETA,Automatic,795,580,2023,41.0,20.0,11.0,30,Sapphire,100,Stainless Steel,Leather,Steel,38,Stop2Go,Unisex,Switzerland
Delma,Cayman Diver,41601.744.6.064,Diver,Cal. ETA 2824,ETA,Automatic,1590,1100,2023,44.0,22.0,13.6,300,Sapphire,185,Stainless Steel,Rubber,Ceramic,38,Date,Men,Switzerland
Corum,Admiral's Cup Squale 48,A082/02956,Diver,Cal. 2892A2,ETA,Automatic,7900,5500,2022,48.0,22.0,14.8,600,Sapphire,210,Stainless Steel,Rubber,Ceramic,42,Date,Men,Switzerland
Carl F. Bucherer,Patravi Traveltec GMT,00.10620.08.23.01,GMT,Cal. A2000,ETA,Automatic,6700,4800,2022,44.6,22.0,14.5,100,Sapphire,185,Stainless Steel,Bracelet,Steel,42,"GMT, World Time",Men,Switzerland
Rolex,Submariner Date Steel Blue,126619LB,Luxury,Cal. 3235,In-house,Automatic,15650,17000,2024,41.0,21.0,12.5,300,Sapphire,165,18k White Gold,Oyster,Blue Ceramic,70,Date,Men,Switzerland
Rolex,Datejust 41 Motif,126334-MOT,Luxury,Cal. 3235,In-house,Automatic,10700,12500,2024,41.0,21.0,11.9,100,Sapphire,150,Steel/White Gold,Jubilee,Fluted White Gold,70,Date,Men,Switzerland
Rolex,Lady-Datejust 28 Silver,279160,Luxury,Cal. 2236,In-house,Automatic,8000,9000,2024,28.0,0.0,9.5,100,Sapphire,98,Stainless Steel,Oyster,Smooth Steel,55,Date,Women,Switzerland
Omega,Speedmaster Silver Snoopy,310.32.42.50.02.001,Chronograph,Cal. 3861,In-house,Manual,9300,11500,2023,42.0,20.0,13.2,50,Sapphire,120,Stainless Steel,NATO,Steel,50,Chronograph,Men,Switzerland
Seiko,Prospex Turtle Red Alpinist,SRPE93K1,Diver,Cal. 4R36,In-house,Automatic,575,420,2023,45.0,22.0,13.2,200,Hardlex,195,Stainless Steel,Rubber,Steel,41,"Day, Date",Men,Japan
Seiko,Prospex Sumo SBDC171,SBDC171,Diver,Cal. 6R35,In-house,Automatic,1050,780,2024,45.0,20.0,13.0,200,Sapphire,200,Stainless Steel,Bracelet,Ceramic,70,Date,Men,Japan
Seiko,5 Sports GMT SSK009 Green,SSK009K1,GMT,Cal. 4R34,In-house,Automatic,495,380,2023,42.5,22.0,13.6,100,Hardlex,82,Stainless Steel,Bracelet,Green,41,"GMT, Date",Men,Japan
Casio,G-Shock GR-B300 Gravity Master,GR-B300-1A4,Digital,Module 3503,In-house,Solar,850,620,2023,57.9,0.0,18.4,200,Mineral,131,Resin,Resin,Resin,0,"GPS, Solar, Altimeter",Men,Japan
Casio,G-Shock GM-110 Metal Flare Red,GM-110-4A,Digital,Module 3230,In-house,Quartz,125,92,2023,51.2,0.0,16.9,200,Mineral,72,Metal Bezel/Resin,Resin,Metal,0,"World Time, Alarm",Unisex,China
Citizen,Promaster Diver Tuna Eco,BN0227-09L,Diver,Cal. E168,In-house,Solar,495,360,2023,50.6,22.0,14.9,200,Mineral,130,Stainless Steel,Silicone,Steel,0,Date,Men,Japan
Citizen,Eco-Drive Perpetual Chrono A-T,CB5920-86E,Pilot,Cal. H110,In-house,Solar,795,570,2023,43.0,22.0,14.8,100,Sapphire,155,Stainless Steel,Bracelet,Steel,0,"Perpetual, Atomic",Men,Japan
Tudor,Black Bay GMT S&G,M79833MN,GMT,Cal. MT5652,In-house,Automatic,5175,5000,2024,41.0,22.0,14.6,200,Sapphire,165,Steel/Yellow Gold,Bracelet,Black/Gold,70,"GMT, Date",Men,Switzerland
Tudor,Glamour Date 36,M55000-0006,Dress,Cal. T600,ETA 2824,Automatic,2250,1700,2023,36.0,20.0,10.8,100,Sapphire,110,Stainless Steel,Leather,Steel,38,Date,Unisex,Switzerland
Tissot,Bellissima Small Second,T126.208.11.013.00,Dress,Quartz,ETA,Quartz,350,240,2023,26.0,12.0,7.0,30,Sapphire,55,Stainless Steel,Leather,Steel,0,None,Women,Switzerland
Hamilton,Khaki Field Murph Small Seconds,H69819560,Field,Cal. H-50,ETA 2801,Manual,695,500,2023,40.0,20.0,8.9,100,Sapphire,70,Stainless Steel,Leather,Steel,80,Small Seconds,Unisex,Switzerland
Hamilton,Jazzmaster Viewmatic Blue,H42535141,Dress,Cal. H-10,ETA 2824,Automatic,895,660,2023,40.0,20.0,12.4,50,Sapphire,110,Stainless Steel,Leather,Steel,80,Date,Men,Switzerland
Longines,Legend Diver Watch,L3.774.4.50.2,Diver,Cal. L836,ETA,Automatic,2950,2200,2023,42.0,21.0,15.1,300,Sapphire,175,Stainless Steel,Rubber,Steel,64,Date,Men,Switzerland
Longines,DolceVita 23.5 x 37 Quartz,L5.512.4.71.6,Dress,Quartz,ETA,Quartz,1050,700,2023,37.0,23.5,7.05,30,Sapphire,70,Stainless Steel,Leather,Steel,0,None,Women,Switzerland
Oris,Aquis Hangang LE,01 733 7766 4155-Set,Diver,Cal. 733,Sellita,Automatic,2700,2000,2024,43.5,22.0,13.5,300,Sapphire,195,Stainless Steel,Rubber,Ceramic,38,Date,Men,Switzerland
Oris,Propilot Altimeter,01 733 7762 4063,Pilot,Cal. 733,Sellita,Automatic,2500,1800,2022,46.0,22.0,13.9,100,Sapphire,130,Stainless Steel,Rubber,Aluminum,38,"Altimeter, Date",Men,Switzerland
TAG Heuer,Formula 1 Solargraph Quartz,WBJ1116.FT6231,Sport,Cal. 7,Ronda,Solar,1050,720,2023,37.5,20.0,9.0,200,Sapphire,110,Stainless Steel,Bracelet,Ceramic,0,Date,Unisex,Switzerland
TAG Heuer,Carrera Porsche Chronograph,CBN2A1K.FC6492,Chronograph,Cal. Heuer 02,In-house,Automatic,7100,5400,2023,42.0,20.0,15.7,100,Sapphire,180,Stainless Steel,Leather,Steel,80,"Chronograph, Date",Men,Switzerland
Breitling,Superocean Heritage 57 Black Lunette,A10370121B1A1,Diver,Cal. 17,ETA 2824,Automatic,4500,3400,2023,42.0,22.0,13.4,200,Sapphire,170,Stainless Steel,Leather,Steel,38,Date,Men,Switzerland
Breitling,Navitimer 1 B01 38,A17325211B1P1,Chronograph,Cal. B01,In-house,Automatic,8200,6300,2023,38.0,19.0,13.6,30,Sapphire,145,Stainless Steel,Leather,Steel,70,"Chronograph, Date",Men,Switzerland
IWC,Ingenieur Auto 40,IW328902,Sport,Cal. 32111,In-house,Automatic,6300,4800,2023,40.0,21.0,10.7,100,Sapphire,130,Stainless Steel,Bracelet,Steel,120,Date,Men,Switzerland
IWC,Portugieser Hand-Wound 8 Days,IW510203,Dress,Cal. 98290,In-house,Manual,18500,15000,2023,43.0,20.0,12.9,30,Sapphire,140,Stainless Steel,Leather,Steel,192,8-Day Power Reserve,Men,Switzerland
Panerai,Luminor Marina 44 Brown Strap,PAM01359,Diver,Cal. P.9010,In-house,Automatic,9700,7500,2023,44.0,24.0,15.5,300,Sapphire,115,Stainless Steel,Leather,Steel,72,Date,Men,Italy
Zenith,Pilot Big Date Flyback Spitfire,29.2430.405/69.C800,Chronograph,Cal. El Primero 405,In-house,Automatic,8700,7000,2023,45.0,22.0,15.3,100,Sapphire,180,Stainless Steel,Leather,Steel,50,"Flyback Chrono, Big Date",Men,Switzerland
Patek Philippe,Gondolo 5098G,5098G-010,Dress,Cal. 215 PS,In-house,Manual,24000,26000,2023,43.5,0.0,8.7,30,Sapphire,75,18k White Gold,Leather,White Gold,44,None,Men,Switzerland
Audemars Piguet,Royal Oak Offshore Chronograph Ceramic 44,26401CE.OO.A002CA.02,Chronograph,Cal. 3126/3840,In-house,Automatic,47000,50000,2023,44.0,0.0,14.4,100,Sapphire,210,Ceramic,Rubber,Ceramic,60,"Chronograph, Date",Men,Switzerland
Vacheron Constantin,Overseas Perpetual Calendar Ultra-Thin,7110V/00R-B695,Luxury,Cal. 3750,In-house,Automatic,145000,135000,2023,41.5,0.0,8.1,150,Sapphire,180,18k Rose Gold,Bracelet,Rose Gold,40,"Perpetual Calendar, Moonphase",Men,Switzerland
A. Lange & Söhne,1815 Annual Calendar,238.026,Luxury,Cal. L051.1,In-house,Manual,42000,45000,2023,40.0,0.0,10.8,30,Sapphire,88,18k White Gold,Leather,White Gold,72,Annual Calendar,Men,Germany
Richard Mille,RM 40-01 McLaren,RM 40-01,Luxury,Cal. CRMT2,In-house,Automatic,160000,250000,2023,50.15,0.0,16.15,50,Sapphire,105,TZP Alumina Ceramic,Rubber,Ceramic,50,None,Men,Switzerland
Hublot,Classic Fusion Aerofusion Moonphase,517.NX.0170.LR,Chronograph,Cal. HUB6035,In-house,Automatic,18800,14000,2023,45.0,0.0,15.45,50,Sapphire,115,Titanium,Rubber,Titanium,72,"Chronograph, Moonphase",Men,Switzerland
Blancpain,Fifty Fathoms Automatique Haiku,5010-3614-52B,Diver,Cal. 1315,In-house,Automatic,24500,20000,2023,45.0,24.0,13.4,300,Sapphire,185,Stainless Steel,Sail Canvas,Ceramic,120,Date,Men,Switzerland
Jaeger-LeCoultre,Reverso Classic Large Small Seconds,Q3848420,Dress,Cal. 822/2,In-house,Manual,10700,8500,2023,47.7,0.0,9.15,30,Sapphire,80,Stainless Steel,Leather,Steel,42,Small Seconds,Men,Switzerland
Grand Seiko,Elegance SBGW291 Manual White,SBGW291,Dress,Cal. 9S64,In-house,Manual,5500,4300,2024,37.3,19.0,11.6,30,Sapphire,110,Stainless Steel,Leather,Steel,72,None,Men,Japan
Nomos Glashütte,Tetra 27.5 Manual,477,Dress,Cal. Alpha,In-house,Manual,1450,1150,2023,27.5,0.0,7.0,30,Sapphire,30,Stainless Steel,Leather,Steel,43,None,Women,Germany
Sinn,W2 Diver Steel,2056.B,Diver,Cal. ETA 2846,ETA,Automatic,2390,1750,2023,44.0,22.0,13.1,2000,Sapphire,185,Submarine Steel,Rubber,Steel,38,Date,Men,Germany
Ball,Engineer III Ohio,NM2076C-SJ,Sport,Cal. RR1501,Sellita,Automatic,2849,2000,2023,40.0,20.0,13.7,100,Sapphire,165,Stainless Steel,Bracelet,Steel,40,"Day, Date",Men,Switzerland
Alpina,Seastrong Diver Gyre Auto,AL-525LBSG4H6,Diver,Cal. AL-525,Sellita,Automatic,1750,1250,2023,44.0,22.0,14.7,300,Sapphire,195,Stainless Steel,Rubber,Ceramic,38,Date,Men,Switzerland
Hemel,Flieger HF7 Pilot,HF7,Pilot,Cal. Miyota 9015,Miyota,Automatic,795,580,2023,40.0,20.0,12.8,100,Sapphire,100,Stainless Steel,Leather,Steel,42,Date,Men,Japan
Norqain,Adventure Sport Diver,N2400SC1CA/W023MA,Diver,Cal. NN20,Sellita,Automatic,2300,1700,2023,44.0,22.0,13.6,300,Sapphire,185,Stainless Steel,Rubber,Ceramic,38,Date,Men,Switzerland
Zodiac,Sea Dragon GMT,ZO9407,GMT,Cal. ETA 2893,ETA,Automatic,2250,1700,2023,41.0,20.0,12.2,200,Sapphire,150,Stainless Steel,Bracelet,Steel,42,"GMT, Date",Men,USA
Autodromo,Monoposto Automatic,M-02,Sport,Cal. NH35,Seiko,Automatic,850,640,2023,40.0,20.0,11.2,100,Sapphire,100,Stainless Steel,Leather,Steel,41,None,Men,USA
Farer,Deep Speake 300 Auto,DS3-BLU,Diver,Cal. SW200,Sellita,Automatic,1395,1050,2023,41.0,20.0,13.6,300,Sapphire,170,Stainless Steel,Bracelet,Steel,38,Date,Men,United Kingdom
Anordain,Model 1 Teal,M1-TEL,Dress,Cal. SW210,Sellita,Manual,1450,1100,2023,38.0,18.0,10.8,50,Sapphire,90,Stainless Steel,Leather,Steel,42,None,Unisex,United Kingdom
Unimatic,Modello Tre U3S Diver,U3S-MK,Diver,Cal. NH35,Seiko,Automatic,650,510,2023,40.0,20.0,12.6,200,Sapphire,150,Stainless Steel,Bracelet,Steel,41,None,Unisex,Italy
Seagull,M182S GMT Mechanical,M182S,GMT,Cal. ST2531,In-house,Automatic,450,320,2023,40.5,20.0,13.1,100,Sapphire,140,Stainless Steel,Bracelet,Steel,40,"GMT, Date",Men,China
San Martin,SN0031 Pilot Flieger B-Uhr,SN0031-G,Pilot,Cal. NH35,Seiko,Automatic,289,210,2023,44.0,22.0,13.4,50,Sapphire,90,Stainless Steel,Leather,Steel,41,None,Men,China
Dan Henry,1962 Diver Automatic,1962-40,Diver,Cal. Miyota 8215,Miyota,Automatic,250,185,2023,40.0,20.0,12.2,200,Acrylic,155,Stainless Steel,Bracelet,Steel,40,Date,Men,China
Yema,Superman 500 Bezel-less,YSUP22A-AMS,Diver,Cal. MBP1000,In-house,Automatic,1050,750,2024,39.0,20.0,13.0,500,Sapphire,170,Stainless Steel,Bracelet,Steel,42,Date,Men,France
Delma,Blue Shark IV,41501.744.6.044,Diver,Cal. ETA 2824,ETA,Automatic,1490,1050,2023,44.0,22.0,13.5,500,Sapphire,190,Stainless Steel,Rubber,Ceramic,38,Date,Men,Switzerland
Fortis,Tycoon Day Date,900.20.41 M,Dress,Cal. ETA 2836,ETA,Automatic,1790,1300,2023,40.0,20.0,11.9,100,Sapphire,130,Stainless Steel,Leather,Steel,38,"Day, Date",Men,Switzerland
Archimede,Sport Taucher 45 Gelb,UD7414-A1.4-A1.4,Diver,Cal. ETA 2824,ETA,Automatic,2790,2000,2023,45.0,22.0,13.7,300,Sapphire,195,Stainless Steel,Rubber,Ceramic,38,Date,Men,Germany
Stowa,Seatime Blue,SEA-BLU,Diver,Cal. ETA 2824,ETA,Automatic,1850,1300,2023,42.0,20.0,13.0,200,Sapphire,165,Stainless Steel,Bracelet,Ceramic,38,Date,Men,Germany
Damasko,DS30 Diver,DS30,Diver,Cal. ETA 2824,ETA,Automatic,1890,1400,2023,40.7,20.0,12.9,200,Sapphire,160,Submarine Steel,Rubber,Steel,38,Date,Men,Germany
Christopher Ward,C65 Malvern 38,C65-38AOD1,Dress,Cal. SH21,Sellita,Automatic,1150,860,2023,38.0,20.0,9.15,150,Sapphire,100,Stainless Steel,Leather,Steel,120,Date,Men,United Kingdom
Doxa,SUB 300 Searambler,821.10.011.10,Diver,Cal. SW200,Sellita,Automatic,2390,1750,2023,42.5,20.0,13.4,300,Sapphire,185,Stainless Steel,Bracelet,Steel,38,Date,Men,Switzerland
Ressence,Type 3,Type3-BRN,Luxury,Cal. ROCS 3,In-house,Automatic,43000,38000,2022,44.0,0.0,15.8,100,Sapphire,108,Titanium,Rubber,Titanium,36,Oil-Filled Dial,Men,Switzerland
H. Moser & Cie,Pioneer Perpetual Calendar,1801-1200,Luxury,Cal. HMC 341,In-house,Manual,35000,38000,2023,42.0,22.0,14.0,30,Sapphire,155,Stainless Steel,Rubber,Steel,72,Perpetual Calendar,Men,Switzerland
Furlan Marri,Ebauche 4,FM-EB4,Dress,Cal. Valjoux 7750,ETA,Automatic,1550,1200,2023,40.0,20.0,14.5,50,Sapphire,110,Stainless Steel,Leather,Steel,46,"Chronograph, Date",Men,Switzerland
Baltic,Aquascaphe Dual Crown Steel,AQ-DC-ST,Diver,Cal. Soprod C125,Soprod,Automatic,1200,940,2024,39.0,20.0,13.9,200,Sapphire,150,Stainless Steel,Bracelet,Steel,42,"GMT, Date",Unisex,France
Nodus,Retrospect III Field,RETRO3-BLU,Field,Cal. NH35,Seiko,Automatic,475,375,2023,38.0,20.0,11.2,100,Sapphire,75,Stainless Steel,Nylon,Steel,41,Date,Unisex,USA
Monta,Atlas Dress,ATLS-GLD,Dress,Cal. SW200,Sellita,Automatic,1550,1150,2023,37.0,20.0,9.8,100,Sapphire,120,Stainless Steel,Leather,Gold,38,Date,Men,USA
Lorier,Neptune Series IV Deep Blue,NEP-IV-DB,Diver,Cal. NH35,Seiko,Automatic,575,460,2024,39.0,20.0,12.8,200,Sapphire,150,Stainless Steel,Bracelet,Steel,41,Date,Men,USA
Halios,Tropik II Cream,TRP2-CRE,Diver,Cal. Miyota 8215,Miyota,Automatic,525,430,2023,38.0,20.0,12.2,200,Sapphire,140,Stainless Steel,Rubber,Ceramic,40,Date,Unisex,Canada
Seiko,Prospex SBDC173 Sumo Teal,SBDC173,Diver,Cal. 6R35,In-house,Automatic,1100,820,2024,45.0,20.0,13.0,200,Sapphire,200,Stainless Steel,Bracelet,Ceramic,70,Date,Men,Japan
Seiko,5 Sports SRPG29 Street Green,SRPG29K1,Sport,Cal. 4R36,In-house,Automatic,295,195,2023,42.5,22.0,13.4,100,Hardlex,80,Stainless Steel,Bracelet,Steel,41,"Day, Date",Men,Japan
Casio,G-Shock GA-100 Black,GA-100-1A1,Digital,Module 5081,In-house,Quartz,99,68,2022,51.2,0.0,16.9,200,Mineral,72,Resin,Resin,Resin,0,"World Time, Alarm",Unisex,Thailand
Citizen,Promaster Marine Diver NY0120,NY0120-01E,Diver,Cal. 8203,Miyota,Automatic,345,250,2023,42.0,20.0,13.6,200,Mineral,175,Stainless Steel,Bracelet,Steel,40,"Day, Date",Men,Japan
Tudor,Black Bay 41 Slate,M79540-0004,Diver,Cal. MT5602,In-house,Automatic,4150,3400,2024,41.0,22.0,14.7,200,Sapphire,155,Stainless Steel,Bracelet,Aluminum,70,None,Men,Switzerland
Tissot,T-Sport V8 Chrono,T106.417.16.201.00,Chronograph,Quartz,ETA,Quartz,350,240,2022,45.0,22.0,12.7,100,Sapphire,165,Stainless Steel,Bracelet,Steel,0,"Chronograph, Date",Men,Switzerland
Omega,Seamaster Ploprof 1200M Blue,227.90.55.21.03.001,Diver,Cal. 8912,In-house,Automatic,11500,9000,2023,55.0,24.0,17.8,1200,Sapphire,325,Stainless Steel,Bracelet,Ceramic,60,Date,Men,Switzerland
Longines,Master Moonphase 40 Blue,L2.919.4.92.6,Dress,Cal. L678,ETA,Automatic,3100,2300,2023,40.0,20.0,12.4,30,Sapphire,145,Stainless Steel,Leather,Steel,64,"Moonphase, Date",Men,Switzerland
TAG Heuer,Connected Calibre E4 45mm,SBR8A80.BT6255,Smartwatch,Qualcomm Wear,Qualcomm,Quartz,2050,1400,2023,45.0,24.0,14.4,50,Sapphire,74,Titanium,Rubber,Titanium,0,"Smart, GPS",Men,Switzerland
Breitling,Top Time Classic Cars Triumph,AB01764A1G1X1,Chronograph,Cal. B01,In-house,Automatic,8200,6200,2023,41.0,19.0,13.6,30,Hesalite,110,Stainless Steel,Leather,Steel,70,"Chronograph, Date",Men,Switzerland
IWC,Pilot's Watch Chronograph 41 Bronze,IW388901,Chronograph,Cal. 69385,In-house,Automatic,7900,5900,2023,41.0,21.0,14.5,100,Sapphire,165,Bronze,Leather,Bronze,46,"Chronograph, Date",Men,Switzerland
Glashütte Original,PanoMaticLunar,1-90-02-46-32-50,Dress,Cal. 90-02,In-house,Automatic,12800,9500,2023,40.0,20.0,11.5,50,Sapphire,105,Stainless Steel,Leather,Steel,42,"Moonphase, Date",Men,Germany
Nomos Glashütte,Ahoi Neomatik 41.3 Atlantic,551,Diver,Cal. DUW 3001,In-house,Automatic,3900,3100,2023,41.3,20.0,10.3,200,Sapphire,130,Stainless Steel,Silicone,Steel,43,Date,Men,Germany
Garmin,Fenix 8 51mm Solar Sapphire,010-02906,Smartwatch,Garmin,In-house,Solar,1199,940,2024,51.0,26.0,15.6,100,Sapphire,89,Titanium,Silicone,Titanium,480,"GPS, Maps, Health",Men,USA
Apple,Watch Ultra 2 White Titanium,A3189,Smartwatch,Apple S9 SiP,In-house,Quartz,799,660,2025,49.0,0.0,14.4,100,Sapphire,61,Titanium,Ocean Band,Titanium,36,"GPS, Dive, ECG",Unisex,USA
Grand Seiko,Heritage SBGA467 Haiku White,SBGA467,Dress,Cal. 9R65,In-house,Spring Drive,7200,5800,2024,41.0,21.0,12.5,100,Sapphire,150,Stainless Steel,Bracelet,Steel,72,"Date, Power Reserve",Men,Japan
Patek Philippe,Chronograph 5170G,5170G-010,Luxury,Cal. CH 29-535 PS,In-house,Manual,90000,110000,2023,39.4,0.0,11.4,30,Sapphire,100,18k White Gold,Leather,White Gold,65,Chronograph,Men,Switzerland
Audemars Piguet,Royal Oak Selfwinding 34mm,77451OR.OO.1361OR.01,Luxury,Cal. 5900,In-house,Automatic,42000,48000,2024,34.0,0.0,9.5,50,Sapphire,105,18k Rose Gold,Bracelet,Rose Gold,55,Date,Women,Switzerland
A. Lange & Söhne,Triple Split,424.032,Luxury,Cal. L132.1,In-house,Manual,350000,450000,2023,43.2,0.0,14.9,30,Sapphire,90,18k White Gold,Leather,White Gold,55,Triple Rattrapante,Men,Germany
Panerai,Luminor Chrono Rattrapante,PAM00804,Chronograph,Cal. P.2006,In-house,Manual,39800,32000,2022,47.0,24.0,17.3,50,Sapphire,130,Titanium,Leather,Titanium,72,Rattrapante Chrono,Men,Italy
Vacheron Constantin,Overseas Worldtime,7700V/110A-B129,Luxury,Cal. 2460 WT,In-house,Automatic,62000,68000,2023,43.5,0.0,12.0,150,Sapphire,210,Stainless Steel,Bracelet,Steel,40,World Time,Men,Switzerland
Jaeger-LeCoultre,Atmos 568,5165201,Luxury,Cal. 568,In-house,Automatic,24000,20000,2023,0.0,0.0,224.0,0,Glass,0,Gilt,N/A,Gilt,7200,Atmospheric,Unisex,Switzerland
Blancpain,Ocean Commitment III,5000-0130-B52A,Diver,Cal. 1315,In-house,Automatic,17200,14000,2024,43.0,23.0,13.4,300,Sapphire,175,Stainless Steel,NATO,Ceramic,120,Date,Men,Switzerland
Zenith,Pilot Ton-Up White,03.2240.Z386/01.C812,Chronograph,Cal. El Primero 386,In-house,Automatic,7800,6000,2023,45.0,22.0,14.25,100,Sapphire,185,Stainless Steel,Leather,Aluminum,50,"Chronograph, Date",Men,Switzerland
Seiko,Prospex Diver Blue Lagoon Samurai 2024,SRPF79K1,Diver,Cal. 4R35,In-house,Automatic,550,400,2024,43.8,22.0,13.2,200,Hardlex,180,Stainless Steel,Bracelet,Steel,41,Date,Men,Japan
Seiko,Prospex Willard Green,SRPG17K1,Diver,Cal. 4R35,In-house,Automatic,575,420,2023,43.8,22.0,13.2,200,Hardlex,180,Stainless Steel,Silicone,Steel,41,Date,Men,Japan
Seiko,5 Sports GMT SSK017 Blue/Black,SSK017K1,GMT,Cal. 4R34,In-house,Automatic,495,380,2024,42.5,22.0,13.6,100,Hardlex,82,Stainless Steel,Bracelet,Blue/Black,41,"GMT, Date",Men,Japan
Seiko,5 Sports SRPJ15 Automatic,SRPJ15K1,Sport,Cal. 4R36,In-house,Automatic,295,200,2024,42.5,22.0,13.4,100,Hardlex,80,Stainless Steel,Bracelet,Steel,41,"Day, Date",Men,Japan
Seiko,Prospex SBEJ017 Alpinist Glacier,SBEJ017,Field,Cal. 6R35,In-house,Automatic,925,710,2024,38.0,20.0,12.9,200,Sapphire,140,Stainless Steel,Bracelet,Steel,70,Date,Men,Japan
Casio,G-Shock GA-700 Blue,GA-700-2A,Digital,Module 5522,In-house,Quartz,85,58,2023,50.9,0.0,16.2,200,Mineral,67,Resin,Resin,Resin,0,"World Time, Alarm",Unisex,Thailand
Casio,G-Shock GW-B5600 Mini Square,GW-B5600CY-1,Digital,Module 3555,In-house,Solar,195,140,2023,45.3,0.0,13.4,200,Mineral,42,Resin,Resin,Resin,0,"Bluetooth, Solar",Unisex,Japan
Casio,G-Shock GD-100 Black Large,GD-100-1B,Digital,Module 5146,In-house,Quartz,85,58,2022,54.1,0.0,18.4,200,Mineral,69,Resin,Resin,Resin,0,"World Time, Alarm",Men,Thailand
Citizen,Promaster Super Titanium NY0096,NY0096-08L,Diver,Cal. 8203,Miyota,Automatic,425,305,2023,44.0,20.0,13.6,200,Mineral,115,Titanium,Bracelet,Titanium,40,"Day, Date",Men,Japan
Citizen,Eco-Drive Sport Classic WR200,AU1060-51L,Sport,Cal. E168,In-house,Solar,295,215,2023,44.0,22.0,10.9,200,Mineral,90,Stainless Steel,Bracelet,Steel,0,Date,Men,Japan
Tudor,Black Bay Chrono S&G,M79363N,Chronograph,Cal. MT5813,Breitling B01,Automatic,6125,5000,2024,41.0,22.0,14.9,200,Sapphire,185,Steel/Yellow Gold,Bracelet,Steel/Gold,70,"Chronograph, Date",Men,Switzerland
Tudor,Pelagos 38 Blue,M25407N,Diver,Cal. MT5621,In-house,Automatic,4100,3300,2024,38.0,20.0,12.4,500,Sapphire,130,Titanium,Bracelet,Ceramic,70,None,Unisex,Switzerland
Tissot,PR516 Mechanical,T149.428.11.031.00,Dress,Cal. ETA 6498,ETA,Manual,795,570,2024,40.0,19.0,9.78,30,Sapphire,95,Stainless Steel,Bracelet,Steel,56,Small Seconds,Men,Switzerland
Tissot,Heritage Banker,T931.430.41.031.00,Dress,Cal. ETA 6498,ETA,Manual,695,490,2023,39.0,19.0,9.2,30,Sapphire,90,Stainless Steel,Leather,Steel,56,Small Seconds,Men,Switzerland
Hamilton,Khaki Navy Scuba Auto Blue,H82335341,Diver,Cal. H-10,ETA 2824,Automatic,1095,780,2023,43.0,22.0,14.3,200,Sapphire,175,Stainless Steel,Bracelet,Steel,80,Date,Men,Switzerland
Hamilton,Khaki Field King Auto 40,H64455133,Field,Cal. H-10,ETA 2824,Automatic,795,580,2023,40.0,22.0,9.7,100,Sapphire,100,Stainless Steel,Bracelet,Steel,80,Date,Men,Switzerland
Longines,VHP Quartz Titanium Calibre 897,L3.716.1.66.6,Sport,Cal. L897,ETA,Quartz,1250,850,2023,41.0,21.0,10.4,300,Sapphire,130,Titanium,Bracelet,Titanium,0,Date,Men,Switzerland
Longines,Spirit Prestige Edition,L3.820.4.93.2,Pilot,Cal. L897,ETA,Automatic,2700,2100,2024,42.0,21.0,13.1,100,Sapphire,190,Stainless Steel,Leather,Steel,72,Date,Men,Switzerland
Oris,Big Crown Complication,01 582 7627 4063,Dress,Cal. 582,ETA,Automatic,2200,1500,2022,40.0,20.0,10.6,50,Sapphire,110,Stainless Steel,Leather,Steel,38,"Moon, Week, Date",Men,Switzerland
TAG Heuer,Monaco Gulf Special Edition,CAW2113.FC8220,Chronograph,Cal. 11,Sellita,Automatic,7500,5600,2022,39.0,22.0,15.0,100,Sapphire,155,Stainless Steel,Leather,Steel,40,"Chronograph, Date",Men,Switzerland
Breitling,Superocean Heritage 42,A17328101C1S1,Diver,Cal. 17,ETA 2824,Automatic,5200,3800,2024,42.0,22.0,13.5,200,Sapphire,190,Stainless Steel,Bracelet,Aluminum,38,Date,Men,Switzerland
Breitling,Premier Chronograph 42,AB0145221G1A1,Chronograph,Cal. B01,In-house,Automatic,9200,7200,2023,42.0,20.0,14.2,100,Sapphire,155,Stainless Steel,Leather,Steel,70,"Chronograph, Date",Men,Switzerland
IWC,Pilot's Watch Mark XVIII Blue,IW327010,Pilot,Cal. 30110,In-house,Automatic,4650,3600,2023,40.0,20.0,10.8,60,Sapphire,120,Stainless Steel,Leather,Steel,42,Date,Men,Switzerland
IWC,Aquatimer Automatic 44,IW329005,Diver,Cal. 30120,In-house,Automatic,5300,4000,2022,44.0,22.0,14.7,300,Sapphire,195,Stainless Steel,Rubber,Steel,42,Date,Men,Switzerland
Rolex,Datejust 31 White Dial,278274,Luxury,Cal. 2236,In-house,Automatic,8100,9500,2024,31.0,18.0,10.6,100,Sapphire,105,Steel/White Gold,Jubilee,Diamond,55,Date,Women,Switzerland
Rolex,Sea-Dweller Blue 43,126600-BLU,Luxury,Cal. 3235,In-house,Automatic,13450,15000,2024,43.0,21.0,13.8,1220,Sapphire,165,Stainless Steel,Oyster,Ceramic,70,Date,Men,Switzerland
Omega,Aqua Terra 150M Annual Calendar,231.10.43.22.03.001,Dress,Cal. 8601,In-house,Automatic,13300,10000,2023,43.0,20.0,14.4,150,Sapphire,190,Stainless Steel,Bracelet,Steel,60,"Annual Calendar, GMT",Men,Switzerland
Omega,Speedmaster Broad Arrow,321.10.42.50.01.001,Chronograph,Cal. 321,In-house,Manual,13500,11000,2023,42.0,21.0,14.4,60,Sapphire,125,Stainless Steel,Bracelet,Steel,50,Chronograph,Men,Switzerland
Patek Philippe,Aquanaut Chronograph 5968A,5968A-001,Luxury,Cal. CH 28-520 C,In-house,Automatic,66500,90000,2023,42.2,0.0,10.66,120,Sapphire,110,Stainless Steel,Composite,Steel,45,"Chronograph, Date",Men,Switzerland
Patek Philippe,Calatrava Pilot Travel Time 7234G,7234G-001,Luxury,Cal. 324 S C FUS 24H,In-house,Automatic,62000,65000,2023,37.5,0.0,9.2,30,Sapphire,80,18k White Gold,Leather,White Gold,45,"Dual Time, Day/Night",Women,Switzerland
Audemars Piguet,Royal Oak Double Balance 41,15407ST.OO.1220ST.01,Luxury,Cal. 3132,In-house,Automatic,42000,48000,2024,41.0,0.0,11.6,50,Sapphire,185,Stainless Steel,Bracelet,Steel,70,Date,Men,Switzerland
Audemars Piguet,Millenary 4101 QP,26354PT.OO.D028CR.01,Luxury,Cal. 4101,In-house,Manual,98000,95000,2023,47.0,0.0,14.7,30,Sapphire,95,950 Platinum,Leather,Platinum,60,"Perpetual Calendar, Moonphase",Men,Switzerland
Vacheron Constantin,Overseas Tourbillon,6000V/110A-B883,Luxury,Cal. 2795,In-house,Manual,190000,175000,2023,42.0,0.0,11.5,150,Sapphire,165,Stainless Steel,Bracelet,Steel,40,Tourbillon,Men,Switzerland
A. Lange & Söhne,Datograph Auf/Ab,405.032,Luxury,Cal. L951.6,In-house,Manual,82000,95000,2024,41.0,0.0,13.6,30,Sapphire,90,18k Pink Gold,Leather,Pink Gold,60,"Flyback Chrono, Power Reserve",Men,Germany
Jaeger-LeCoultre,Reverso Tribute Bronze,Q4002570,Dress,Cal. 822,In-house,Manual,8900,7100,2023,47.8,0.0,9.15,30,Sapphire,75,Bronze,Leather,Bronze,42,Small Seconds,Men,Switzerland
Blancpain,Air Command Flyback,66AF-3430-0434,Chronograph,Cal. F388B,In-house,Automatic,29800,25000,2023,42.5,22.0,14.4,100,Sapphire,175,Titanium,NATO,Titanium,100,"Flyback Chrono, GMT",Men,Switzerland
Zenith,Pilot Montre d'Aeronef Type 20 Chronograph,87.2430.4069/21.C738,Chronograph,Cal. El Primero 4069,In-house,Automatic,9500,7800,2023,48.0,24.0,16.5,100,Sapphire,215,Stainless Steel,Leather,Aluminum,50,Chronograph,Men,Switzerland
Hublot,Big Bang Integral Black Magic 42,451.CX.1140.CX,Chronograph,Cal. HUB1280,In-house,Automatic,26000,20000,2024,42.0,24.0,12.7,100,Sapphire,135,Black Ceramic,Integrated Ceramic,Ceramic,72,"Chronograph, Date",Men,Switzerland
Richard Mille,RM 053-01 Tourbillon Pablo Mac Donough,RM 053-01,Luxury,Cal. RM053-01,In-house,Manual,400000,650000,2022,47.0,0.0,20.0,50,Sapphire,98,Titanium,Rubber,Titanium,60,Tourbillon,Men,Switzerland
Chopard,L.U.C Full Strike Minute Repeater,161942-1001,Luxury,Cal. L.U.C 08.01-M,In-house,Manual,195000,185000,2022,43.0,21.0,12.8,30,Sapphire,90,18k Rose Gold,Leather,Rose Gold,65,Minute Repeater,Men,Switzerland
Grand Seiko,SBGA433 White Tiger,SBGA433,Dress,Cal. 9R65,In-house,Spring Drive,7500,6000,2024,40.2,21.0,12.5,100,Sapphire,150,Stainless Steel,Bracelet,Steel,72,"Date, Power Reserve",Men,Japan
Grand Seiko,SLGH021 Season of Wonder Spring,SLGH021,Dress,Cal. 9SA5,In-house,Automatic,9500,7800,2024,40.0,22.0,11.7,100,Sapphire,155,Stainless Steel,Bracelet,Steel,80,Date,Men,Japan
Sinn,142 St Sa I Blue,142.037,Chronograph,Cal. ETA 7750,ETA,Automatic,3690,2700,2023,41.0,20.0,14.7,200,Sapphire,160,Stainless Steel,Bracelet,Steel,48,"Chronograph, Date",Men,Germany
Sinn,1800 SPM,1800.010,Chronograph,Cal. ETA 7760,ETA,Automatic,6900,5000,2023,43.3,21.0,14.0,100,Sapphire,195,Stainless Steel,Bracelet,Steel,48,Chronograph,Men,Germany
Nomos Glashütte,Club Sport Neomatik 42 Atlantic,780.S6,Sport,Cal. DUW 3001,In-house,Automatic,4100,3200,2024,42.0,20.0,9.9,200,Sapphire,125,Stainless Steel,Silicone,Steel,43,Date,Unisex,Germany
Nomos Glashütte,Zurich World Time,805,GMT,Cal. DUW 6001,In-house,Automatic,5200,4100,2023,39.9,21.0,11.9,30,Sapphire,120,Stainless Steel,Leather,Steel,43,World Time,Men,Germany
Glashütte Original,Seventies Panorama Date,1-37-02-02-02-30,Dress,Cal. 37-02,In-house,Automatic,6900,5000,2023,40.2,21.0,10.9,50,Sapphire,110,Stainless Steel,Leather,Steel,40,Panorama Date,Men,Germany
Glashütte Original,PanoReserve,1-65-01-22-12-04,Dress,Cal. 65-01,In-house,Manual,10500,7800,2023,40.0,21.0,9.2,30,Sapphire,95,Stainless Steel,Leather,Steel,72,Power Reserve,Men,Germany
Christopher Ward,C60 GMT 150 Pro,C60-41ADA3,GMT,Cal. SH21,Sellita,Automatic,1295,960,2024,41.0,20.0,12.9,150,Sapphire,175,Stainless Steel,Bracelet,Ceramic,120,"GMT, Date",Men,United Kingdom
Bremont,S500 GMT,S500-GMT,Diver,Cal. BE-93AE,ETA,Automatic,5850,4100,2024,43.0,22.0,15.7,500,Sapphire,185,Stainless Steel,Rubber,Ceramic,38,"GMT, Date",Men,United Kingdom
Longines,Heritage Military,L2.819.4.93.2,Field,Cal. L596,ETA,Manual,2950,2200,2023,38.5,20.0,10.7,30,Sapphire,95,Stainless Steel,Leather,Steel,62,"Small Seconds, Date",Men,Switzerland
Certina,DS PHY200M Aqua,C036.407.48.041.00,Diver,Powermatic 80,ETA C07,Automatic,895,630,2024,43.0,21.0,13.5,200,Sapphire,165,Titanium,Bracelet,Ceramic,80,Date,Men,Switzerland
Frederique Constant,Hybrid Manufacture,FC-750N3NH6B,Sport,Cal. FC-760,In-house,Hybrid,4695,3300,2023,42.0,21.0,11.2,100,Sapphire,125,Stainless Steel,Bracelet,Steel,42,Smart + Mechanical,Men,Switzerland
Rado,Integral Jubilé 25th Anniversary,R20345163,Dress,Cal. ETA 2671,ETA,Automatic,2200,1600,2023,37.3,19.0,9.5,50,Sapphire,120,Ceramic,Bracelet,Ceramic,38,Date,Unisex,Switzerland
Mido,Ocean Star GMT Blue,M026.629.17.041.00,GMT,Cal. 80,ETA C07,Automatic,1490,1050,2023,44.0,22.0,14.7,300,Sapphire,195,Stainless Steel,Bracelet,Ceramic,80,"GMT, Date",Men,Switzerland
Alpina,Extreme Diver 300 Auto,AL-525LBN4AE6,Diver,Cal. AL-525,Sellita,Automatic,1795,1250,2024,46.0,22.0,15.5,300,Sapphire,215,Stainless Steel,Rubber,Aluminum,38,Date,Men,Switzerland
Ball,Engineer Hydrocarbon Deep Quest,DM3002A-SC,Diver,Cal. RR1002,ETA 2892,Automatic,4900,3500,2023,42.0,22.0,17.5,3000,Sapphire,220,Stainless Steel,Rubber,Steel,42,Date,Men,Switzerland
Norqain,Wild One Diver Fossil II,N2400S,Diver,Cal. NN20,Sellita,Automatic,2400,1800,2024,42.0,22.0,12.5,300,Sapphire,175,Stainless Steel,Bracelet,Ceramic,38,Date,Men,Switzerland
Fortis,Terrestis Pilot GMT,F-902.14.31.10 K,Pilot,Cal. ETA 2893,ETA,Automatic,2250,1600,2023,41.0,21.0,12.0,100,Sapphire,140,Stainless Steel,Rubber,Aluminum,42,"GMT, Date",Men,Switzerland
Davosa,Ternos GMT Diver,161.576.04,GMT,Cal. ETA 2893,ETA,Automatic,1150,800,2023,40.0,20.0,13.5,200,Sapphire,165,Stainless Steel,Bracelet,Ceramic,42,"GMT, Date",Men,Switzerland
Nivada Grenchen,Chronoking Meteorite,86013M01,Chronograph,Cal. Seagull ST19,Seagull,Manual,1490,1100,2024,38.3,19.0,14.5,100,Plexi,90,Stainless Steel,Bracelet,Steel,45,Chronograph,Men,Switzerland
Squale,30 Atmos Blue,30ATM-BL,Diver,Cal. SW200,Sellita,Automatic,990,720,2023,44.0,22.0,14.7,300,Sapphire,190,Stainless Steel,Bracelet,Ceramic,38,Date,Men,Switzerland
Spinnaker,Cahill GMT,SP-5102-33,GMT,Cal. NH34,Seiko,Automatic,595,440,2023,42.0,22.0,13.2,200,Sapphire,155,Stainless Steel,Bracelet,Ceramic,41,"GMT, Date",Men,Italy
Zodiac,Swiss Made GMT Solar,ZO9415,GMT,Solar,ETA,Solar,695,500,2023,42.0,20.0,11.5,100,Sapphire,110,Stainless Steel,Bracelet,Steel,0,"GMT, Date",Men,USA
Islander,Bonita Springs Diver,ISL-68,Diver,Cal. NH35,Seiko,Automatic,375,280,2024,40.0,20.0,12.5,200,Sapphire,160,Stainless Steel,Rubber,Ceramic,41,None,Men,Japan
RZE,Valour Titanium Blue,VAL-TI-BLU,Diver,Cal. NH35,Seiko,Automatic,549,420,2024,41.0,22.0,13.1,200,Sapphire,90,Titanium,Rubber,Ceramic,41,Date,Men,Singapore
Vostok,Amphibia Classic Green,090662,Diver,Cal. 2415,In-house,Automatic,95,65,2023,41.0,18.0,13.5,200,Acrylic,95,Stainless Steel,Bracelet,Steel,31,Date,Men,Russia
Steinhart,Marine Military GMT,106-0851,GMT,Cal. ETA 2893,ETA,Automatic,780,560,2023,44.0,22.0,13.5,200,Sapphire,175,Stainless Steel,Rubber,Aluminum,42,"GMT, Date",Men,Germany
Marathon,JSAR 34mm,WW194004,Diver,Cal. ETA 2671,ETA,Automatic,1050,780,2023,34.0,18.0,12.9,200,Sapphire,120,Stainless Steel,Rubber,Steel,38,"Date, Tritium",Women,Switzerland
Hemel,HF5 Full Calendar,HF5-FC,Chronograph,Cal. SW500,Sellita,Automatic,1390,1020,2024,40.0,20.0,15.0,200,Sapphire,165,Stainless Steel,Leather,Steel,42,"Chrono, Triple Calendar",Men,Japan
Rolex,Datejust 41 Pink Sunray Jubilee,126231,Luxury,Cal. 3235,In-house,Automatic,9650,11000,2024,41.0,21.0,11.9,100,Sapphire,150,Steel/Rose Gold,Jubilee,Fluted Rose Gold,70,Date,Unisex,Switzerland
Seiko,Prospex PADI Turtle 2024,SRPE99,Diver,Cal. 4R36,In-house,Automatic,600,430,2024,45.0,22.0,13.2,200,Hardlex,195,Stainless Steel,Silicone,Steel,41,"Day, Date",Men,Japan
Casio,G-Shock GW-5610U Slim Square Solar,GW-5610U-1,Digital,Module 3495,In-house,Solar,135,98,2024,46.7,0.0,12.7,200,Mineral,53,Resin,Resin,Resin,0,"Solar, Multiband",Unisex,Japan
Omega,Seamaster Diver 300M Blue Steel,210.90.42.20.03.001,Diver,Cal. 8800,In-house,Automatic,10200,8800,2024,42.0,21.0,13.5,300,Sapphire,178,Sedna Gold/Steel,Rubber,Ceramic,55,Date,Men,Switzerland
